"Season","Name","Team","Pos","Inn","DRS","OAA","E","playerid"
"2016","Buster Posey","SFG","C","1069.2","22","","3","9166"
"2016","Yasmani Grandal","LAD","C","954.1","16","","5","11368"
"2017","Martin Maldonado","LAA","C","1146.1","23","","2","6887"
"2019","Javier Baez","CHC","SS","1116.2","31","31","15","12979"
"2015","Francisco Cervelli","PIT","C","1099.2","10","","7","5275"
"2018","Nick Ahmed","ARI","SS","1239.2","28","35","9","12147"
"2017","Yasmani Grandal","LAD","C","999.1","18","","6","11368"
"2019","J.T. Realmuto","PHI","C","1139.1","12","","9","11739"
"2021","Nicky Lopez","KCR","SS","1233.2","3","24","7","19339"
"2019","Francisco Lindor","CLE","SS","1196.1","9","24","10","12916"
"2015","Derek Norris","SDP","C","1040.2","6","","7","6867"
"2019","Yasmani Grandal","MIL","C","1095.2","0","","8","11368"
"2017","Andrelton Simmons","LAA","SS","1369.2","41","20","14","10847"
"2015","Andrelton Simmons","ATL","SS","1279.1","30","","8","10847"
"2016","Jason Castro","HOU","C","908.2","3","","4","8722"
"2022","Jonathan Schoop","DET","2B","1106.0","8","27","3","11265"
"2019","Christian Vazquez","BOS","C","918.0","5","","1","9774"
"2016","Ender Inciarte","ATL","CF","1044.0","13","19","3","4922"
"2017","Austin Hedges","SDP","C","933.1","21","","10","12976"
"2015","Russell Martin","TOR","C","994.0","6","","4","4616"
"2022","Dansby Swanson","ATL","SS","1433.0","9","20","8","18314"
"2018","Martin Maldonado","- - -","C","967.2","2","","4","6887"
"2018","Francisco Lindor","CLE","SS","1386.1","6","21","14","12916"
"2016","Billy Hamilton","CIN","CF","942.1","18","22","3","10199"
"2021","Francisco Lindor","NYM","SS","1029.1","4","21","10","12916"
"2015","Kevin Kiermaier","TBR","CF","1174.2","38","","5","11038"
"2016","Francisco Lindor","CLE","SS","1364.2","9","15","12","12916"
"2019","Roberto Perez","CLE","C","993.2","30","","3","2900"
"2015","Buster Posey","SFG","C","901.2","17","","2","9166"
"2022","J.T. Realmuto","PHI","C","1131.2","11","","8","11739"
"2017","Mike Zunino","SEA","C","994.0","4","","7","13265"
"2021","Sean Murphy","OAK","C","923.1","10","","6","19352"
"2015","Yadier Molina","STL","C","1149.2","10","","7","7007"
"2019","Nick Ahmed","ARI","SS","1381.0","16","17","13","12147"
"2018","Yasmani Grandal","LAD","C","1037.1","12","","7","11368"
"2016","Adam Eaton","CHW","RF","980.1","27","16","3","11205"
"2016","Addison Russell","CHC","SS","1262.2","15","16","14","14106"
"2019","Trevor Story","COL","SS","1257.1","21","18","8","12564"
"2017","DJ LeMahieu","COL","2B","1302.0","14","20","8","9874"
"2017","J.T. Realmuto","MIA","C","1095.2","1","","6","11739"
"2018","Addison Russell","CHC","SS","1003.2","16","18","17","14106"
"2019","Victor Robles","WSN","CF","1199.0","23","21","6","18363"
"2021","Nick Ahmed","ARI","SS","1028.0","4","19","9","12147"
"2021","Andrelton Simmons","MIN","SS","1091.2","15","16","12","10847"
"2015","Mike Zunino","SEA","C","919.2","8","","5","13265"
"2022","Sean Murphy","OAK","C","1004.0","1","","8","19352"
"2016","Russell Martin","TOR","C","1069.1","8","","4","4616"
"2019","Kevin Kiermaier","TBR","CF","1044.1","12","18","4","11038"
"2017","Byron Buxton","MIN","CF","1143.0","22","24","5","14161"
"2022","Cal Raleigh","SEA","C","917.0","14","","6","21534"
"2018","Andrelton Simmons","LAA","SS","1254.2","17","14","10","10847"
"2017","Francisco Lindor","CLE","SS","1377.0","7","12","10","12916"
"2018","Mike Zunino","SEA","C","921.2","11","","2","13265"
"2018","Carlos Correa","HOU","SS","959.0","11","20","6","14162"
"2019","Nolan Arenado","COL","3B","1319.2","23","22","9","9777"
"2021","Brandon Crawford","SFG","SS","1165.2","6","15","9","5343"
"2016","Jose Iglesias","DET","SS","1163.0","10","10","5","10231"
"2016","Freddy Galvis","PHI","SS","1350.0","4","10","8","6609"
"2021","Michael A. Taylor","KCR","CF","1186.0","19","16","3","11489"
"2021","J.T. Realmuto","PHI","C","973.0","0","","1","11739"
"2019","Jose Iglesias","CIN","SS","1169.2","5","14","9","10231"
"2022","Ke'Bryan Hayes","PIT","3B","1102.2","24","18","12","18577"
"2016","Andrelton Simmons","LAA","SS","1045.0","20","13","10","10847"
"2016","Leonys Martin","SEA","CF","1275.0","-3","13","3","11846"
"2017","Billy Hamilton","CIN","CF","1175.1","13","12","3","10199"
"2016","Brandon Crawford","SFG","SS","1309.0","25","8","11","5343"
"2015","Adeiny Hechavarria","MIA","SS","1120.1","12","","9","10459"
"2022","Myles Straw","CLE","CF","1309.0","17","13","2","17620"
"2021","Matt Chapman","OAK","3B","1314.2","10","17","6","16505"
"2022","Francisco Lindor","NYM","SS","1378.2","-2","13","9","12916"
"2016","Derek Norris","SDP","C","983.0","14","","9","6867"
"2022","Jonah Heim","TEX","C","900.2","8","","3","16930"
"2022","Nolan Arenado","STL","3B","1118.2","19","15","12","9777"
"2015","Brandon Crawford","SFG","SS","1200.1","22","","13","5343"
"2018","Ender Inciarte","ATL","CF","1341.0","16","21","5","4922"
"2022","Willy Adames","MIL","SS","1199.2","9","10","14","15986"
"2021","Carlos Correa","HOU","SS","1304.2","20","12","11","14162"
"2016","Adeiny Hechavarria","MIA","SS","1222.0","7","11","13","10459"
"2018","Billy Hamilton","CIN","CF","1238.1","7","15","2","10199"
"2022","Jorge Mateo","BAL","SS","1257.1","14","11","17","17273"
"2017","Alcides Escobar","KCR","SS","1404.1","-11","9","15","6310"
"2017","Yadier Molina","STL","C","1125.2","5","","7","7007"
"2022","Nico Hoerner","CHC","SS","1117.2","10","13","13","21479"
"2017","Mookie Betts","BOS","RF","1389.1","30","17","5","13611"
"2016","Nolan Arenado","COL","3B","1377.1","13","18","13","9777"
"2015","Didi Gregorius","NYY","SS","1330.0","3","","13","6012"
"2016","Yadier Molina","STL","C","1218.1","1","","2","7007"
"2018","Jackie Bradley Jr.","BOS","CF","1137.1","1","9","5","12984"
"2018","DJ LeMahieu","COL","2B","1115.0","18","14","4","9874"
"2016","Jonathan Lucroy","- - -","C","1063.1","3","","6","7870"
"2017","Freddy Galvis","PHI","SS","1359.1","5","7","7","6609"
"2019","Paul DeJong","STL","SS","1372.0","24","7","7","18015"
"2015","Alcides Escobar","KCR","SS","1306.2","2","","13","6310"
"2016","Jackie Bradley Jr.","BOS","CF","1375.2","14","10","3","12984"
"2022","Miguel Rojas","MIA","SS","1113.2","15","10","7","7802"
"2018","Lorenzo Cain","MIL","CF","1180.0","20","18","6","9077"
"2016","Jonathan Schoop","BAL","2B","1429.0","9","13","8","11265"
"2017","Ender Inciarte","ATL","CF","1359.2","4","19","3","4922"
"2019","Harrison Bader","STL","CF","909.2","15","12","4","18030"
"2016","Jordy Mercer","PIT","SS","1245.1","-6","9","9","6547"
"2017","Travis Shaw","MIL","3B","1221.1","-1","14","9","11982"
"2016","Mookie Betts","BOS","RF","1381.2","30","15","1","13611"
"2016","Adrian Beltre","TEX","3B","1219.0","17","13","10","639"
"2018","Nolan Arenado","COL","3B","1328.1","12","11","14","9777"
"2017","Jason Castro","MIN","C","908.2","11","","3","8722"
"2017","Michael A. Taylor","WSN","CF","940.1","12","10","4","11489"
"2017","Elvis Andrus","TEX","SS","1365.1","12","7","17","8709"
"2019","Elvis Andrus","TEX","SS","1279.1","-9","11","13","8709"
"2017","Trevor Story","COL","SS","1185.1","12","7","11","12564"
"2015","Martin Prado","MIA","3B","1034.0","9","","7","3312"
"2015","J.J. Hardy","BAL","SS","994.2","0","","3","3797"
"2016","Alcides Escobar","KCR","SS","1412.0","-4","6","14","6310"
"2019","Matt Chapman","OAK","3B","1336.0","28","15","9","16505"
"2018","Mookie Betts","BOS","RF","1001.0","17","11","1","13611"
"2015","Lorenzo Cain","KCR","CF","1173.1","16","","10","9077"
"2017","Brian Dozier","MIN","2B","1311.0","-1","17","5","9810"
"2021","Martin Maldonado","HOU","C","1010.2","-2","","8","6887"
"2019","Rafael Devers","BOS","3B","1353.0","-5","17","22","17350"
"2015","A.J. Pollock","ARI","CF","1303.2","10","","3","9256"
"2017","Jedd Gyorko","STL","3B","900.0","8","14","9","10816"
"2018","Brandon Crawford","SFG","SS","1259.0","-4","10","16","5343"
"2018","Tim Anderson","CHW","SS","1329.1","12","8","20","15172"
"2019","Willy Adames","TBR","SS","1314.2","8","8","17","15986"
"2017","Kyle Seager","SEA","3B","1353.1","7","9","14","9785"
"2017","Nolan Arenado","COL","3B","1343.1","17","10","9","9777"
"2018","Trea Turner","WSN","SS","1401.0","8","13","12","16252"
"2021","Will Smith","LAD","C","1004.2","5","","6","19197"
"2018","Adam Engel","CHW","CF","1118.0","7","17","7","15082"
"2016","Kyle Seager","SEA","3B","1399.2","13","11","22","9785"
"2016","Jean Segura","ARI","2B","1172.0","11","11","9","5933"
"2016","Robinson Cano","SEA","2B","1376.1","11","10","3","3269"
"2018","Jordy Mercer","PIT","SS","995.2","-5","11","10","6547"
"2022","Andres Gimenez","CLE","2B","1073.0","16","12","9","19950"
"2016","Wilson Ramos","WSN","C","1096.1","-3","","3","1433"
"2015","Nick Ahmed","ARI","SS","1042.1","8","","13","12147"
"2015","Josh Donaldson","TOR","3B","1317.0","-3","","18","5038"
"2016","Ian Kinsler","DET","2B","1299.0","8","10","9","6195"
"2018","Jonathan Lucroy","OAK","C","1066.1","-11","","10","7870"
"2017","Orlando Arcia","MIL","SS","1240.1","4","6","20","13185"
"2019","Adam Frazier","PIT","2B","1180.2","5","9","6","15223"
"2017","Brandon Crawford","SFG","SS","1201.0","10","6","11","5343"
"2017","Lorenzo Cain","KCR","CF","1275.0","6","17","7","9077"
"2018","Rougned Odor","TEX","2B","1084.2","7","10","9","12282"
"2016","Brian Dozier","MIN","2B","1331.0","-2","9","8","9810"
"2017","Keon Broxton","MIL","CF","1028.2","-7","11","7","9253"
"2018","Yolmer Sanchez","CHW","3B","1234.2","6","9","13","11602"
"2018","Starling Marte","PIT","CF","1196.1","4","8","3","9241"
"2021","Elvis Andrus","OAK","SS","1246.1","-10","6","15","8709"
"2022","Jeremy Pena","HOU","SS","1165.0","16","7","19","21636"
"2017","Odubel Herrera","PHI","CF","1144.0","9","12","2","11476"
"2018","Freddy Galvis","SDP","SS","1401.0","2","9","9","6609"
"2015","Xander Bogaerts","BOS","SS","1360.1","-3","","11","12161"
"2022","Ryan McMahon","COL","3B","1176.1","10","10","17","15112"
"2015","Adrian Beltre","TEX","3B","1237.2","4","","17","639"
"2015","Odubel Herrera","PHI","CF","1065.0","10","","5","11476"
"2020","Kevin Kiermaier","TBR","CF","350.2","10","4","0","11038"
"2015","Brian McCann","NYY","C","1042.1","-3","","7","4810"
"2018","Yan Gomes","CLE","C","948.2","4","","9","9627"
"2018","Jose Peraza","CIN","SS","1329.0","-3","8","22","13593"
"2016","J.J. Hardy","BAL","SS","990.0","6","2","6","3797"
"2018","Albert Almora Jr.","CHC","CF","918.1","12","12","3","14109"
"2021","Dansby Swanson","ATL","SS","1372.0","-7","3","10","18314"
"2019","Freddy Galvis","- - -","SS","939.2","10","7","6","6609"
"2021","Yadier Molina","STL","C","1001.1","6","","3","7007"
"2021","J.P. Crawford","SEA","SS","1412.1","8","0","12","15491"
"2018","Jed Lowrie","OAK","2B","1177.1","-9","11","4","4418"
"2015","Matt Duffy","SFG","3B","1150.1","3","","12","13836"
"2022","Xander Bogaerts","BOS","SS","1249.2","5","5","10","12161"
"2021","Kyle Farmer","CIN","SS","1008.2","2","6","5","14813"
"2022","Martin Maldonado","HOU","C","948.2","2","","2","6887"
"2021","Jose Ramirez","CLE","3B","1141.0","10","7","15","13510"
"2018","Yadier Molina","STL","C","1017.2","-3","","2","7007"
"2018","Ozzie Albies","ATL","2B","1361.2","13","11","10","16556"
"2020","Francisco Lindor","CLE","SS","508.0","3","8","1","12916"
"2022","Brandon Crawford","SFG","SS","979.0","-6","7","16","5343"
"2022","Ha-seong Kim","SDP","SS","1092.0","10","6","8","27506"
"2018","J.T. Realmuto","MIA","C","951.0","-3","","7","11739"
"2015","Jason Heyward","STL","RF","1217.1","24","","3","4940"
"2021","Nolan Arenado","STL","3B","1312.0","6","10","11","9777"
"2015","Billy Hamilton","CIN","CF","975.2","9","","0","10199"
"2021","Kevin Newman","PIT","SS","1074.1","7","4","3","17696"
"2021","Tim Anderson","CHW","SS","1048.0","3","3","10","15172"
"2021","Jean Segura","PHI","2B","1080.1","5","9","11","5933"
"2019","Yadier Molina","STL","C","939.1","1","","1","7007"
"2015","Kevin Pillar","TOR","CF","1236.0","16","","2","12434"
"2017","Corey Seager","LAD","SS","1162.0","7","2","11","13624"
"2015","Elvis Andrus","TEX","SS","1404.2","-5","","22","8709"
"2017","Todd Frazier","- - -","3B","1107.2","5","7","13","785"
"2020","Christian Vazquez","BOS","C","356.0","1","","1","9774"
"2017","Jordy Mercer","PIT","SS","1241.2","-12","4","10","6547"
"2018","Matt Chapman","OAK","3B","1273.2","23","7","20","16505"
"2015","Troy Tulowitzki","- - -","SS","1025.1","2","","8","3531"
"2017","Jackie Bradley Jr.","BOS","CF","1204.1","14","13","4","12984"
"2016","Kevin Pillar","TOR","CF","1293.0","22","10","6","12434"
"2022","Manny Machado","SDP","3B","1143.0","-3","8","11","11493"
"2017","Jose Iglesias","DET","SS","1116.1","-5","5","7","10231"
"2015","Dee Strange-Gordon","MIA","2B","1270.0","5","","6","8203"
"2018","Jean Segura","SEA","SS","1260.2","-2","3","17","5933"
"2019","Josh Donaldson","ATL","3B","1297.0","10","9","13","5038"
"2016","Starlin Castro","NYY","2B","1266.0","-9","12","12","4579"
"2019","Corey Seager","LAD","SS","1082.2","-1","4","15","13624"
"2015","Freddy Galvis","PHI","SS","1263.2","-12","","17","6609"
"2015","Manny Machado","BAL","3B","1367.2","18","","19","11493"
"2020","Javier Baez","CHC","SS","469.1","6","9","8","12979"
"2019","Starlin Castro","MIA","2B","1012.2","3","8","9","4579"
"2016","Joe Panik","SFG","2B","1081.0","2","9","5","11936"
"2017","Ian Kinsler","DET","2B","1137.1","3","11","10","6195"
"2021","Christian Vazquez","BOS","C","1051.1","5","","7","9774"
"2015","Todd Frazier","CIN","3B","1371.1","1","","19","785"
"2022","Santiago Espinal","TOR","2B","945.0","4","10","4","19997"
"2019","Lorenzo Cain","MIL","CF","1177.1","19","14","2","9077"
"2016","Cesar Hernandez","PHI","2B","1247.1","2","6","12","10556"
"2022","Alex Bregman","HOU","3B","1360.1","-4","5","7","17678"
"2017","Jean Segura","SEA","SS","1084.0","1","2","17","5933"
"2021","Kyle Seager","SEA","3B","1302.2","-3","4","14","9785"
"2019","Jorge Alfaro","MIA","C","973.0","-2","","11","12180"
"2020","Nick Ahmed","ARI","SS","484.1","4","8","7","12147"
"2016","Tucker Barnhart","CIN","C","931.2","-1","","7","10200"
"2018","Dansby Swanson","ATL","SS","1165.2","9","7","10","18314"
"2018","Jonathan Schoop","- - -","2B","941.1","15","4","15","11265"
"2020","Brandon Crawford","SFG","SS","417.2","1","8","8","5343"
"2017","Brandon Drury","ARI","2B","947.0","3","10","10","11615"
"2021","Whit Merrifield","KCR","2B","1255.2","14","6","8","11281"
"2022","Corey Seager","TEX","SS","1259.0","-4","4","17","13624"
"2022","Trent Grisham","SDP","CF","1143.0","8","13","2","18564"
"2019","Tim Anderson","CHW","SS","1050.0","-6","2","26","15172"
"2015","Jose Iglesias","DET","SS","1019.1","-5","","11","10231"
"2020","Nicky Lopez","KCR","2B","424.0","9","8","2","19339"
"2015","Evan Longoria","TBR","3B","1293.1","9","","9","9368"
"2018","Jose Altuve","HOU","2B","1136.2","2","7","7","5417"
"2021","Tommy Edman","STL","2B","1032.1","6","13","5","19470"
"2016","Max Kepler","MIN","RF","907.1","7","13","7","12144"
"2016","Danny Espinosa","WSN","SS","1358.0","11","-2","18","9219"
"2015","Mike Trout","LAA","CF","1362.2","7","","0","10155"
"2022","Trea Turner","LAD","SS","1386.2","-1","0","16","16252"
"2022","Josh Donaldson","NYY","3B","902.2","7","7","12","5038"
"2018","Todd Frazier","NYM","3B","954.0","9","4","12","785"
"2017","Jonathan Schoop","BAL","2B","1385.0","14","6","15","11265"
"2015","Aramis Ramirez","- - -","3B","965.1","-7","","10","1002"
"2015","Yolmer Sanchez","CHW","2B","996.1","0","","5","11602"
"2022","Andrew Velazquez","LAA","SS","906.0","11","3","8","14196"
"2019","Manuel Margot","SDP","CF","943.1","6","11","2","14712"
"2020","Fernando Tatis Jr.","SDP","SS","473.1","0","7","3","19709"
"2020","J.P. Crawford","SEA","SS","454.2","6","6","3","15491"
"2019","Brandon Crawford","SFG","SS","1233.0","-10","5","16","5343"
"2021","Marcus Semien","TOR","2B","1246.1","11","7","8","12533"
"2018","Starlin Castro","MIA","2B","1314.0","-10","6","12","4579"
"2020","Dansby Swanson","ATL","SS","513.1","9","6","2","18314"
"2021","David Fletcher","LAA","2B","1211.2","11","9","6","17992"
"2022","Michael Harris II","ATL","CF","1021.0","8","7","2","25931"
"2015","Jordy Mercer","PIT","SS","986.1","1","","7","6547"
"2016","Manny Machado","BAL","3B","998.0","15","7","7","11493"
"2017","Manuel Margot","SDP","CF","1049.2","8","7","3","14712"
"2019","Evan Longoria","SFG","3B","1041.0","7","7","15","9368"
"2018","James McCann","DET","C","987.1","-2","","5","12859"
"2017","Adam Duvall","CIN","LF","1277.1","11","7","6","10950"
"2022","Elvis Andrus","- - -","SS","1220.1","-4","3","10","8709"
"2021","Myles Straw","- - -","CF","1338.0","4","9","2","17620"
"2015","Nolan Arenado","COL","3B","1362.0","22","","17","9777"
"2015","Ian Kinsler","DET","2B","1324.0","7","","13","6195"
"2020","Jacob Stallings","PIT","C","345.1","7","","4","13723"
"2019","Miguel Rojas","MIA","SS","1060.2","-1","0","11","7802"
"2018","Ian Kinsler","- - -","2B","1091.1","10","3","9","6195"
"2016","Eugenio Suarez","CIN","3B","1308.2","1","5","23","12552"
"2015","Adam Jones","BAL","CF","1168.2","5","","3","6368"
"2020","Nolan Arenado","COL","3B","417.1","13","6","3","9777"
"2018","Manny Machado","- - -","SS","1261.1","-10","2","12","11493"
"2022","Geraldo Perdomo","ARI","SS","1160.0","-3","0","14","22799"
"2020","Trent Grisham","SDP","CF","496.1","7","5","2","18564"
"2016","Asdrubal Cabrera","NYM","SS","1154.0","-2","-2","7","4962"
"2015","Yoenis Cespedes","- - -","LF","1022.1","16","","5","13110"
"2017","Xander Bogaerts","BOS","SS","1310.1","-11","2","17","12161"
"2016","Rougned Odor","TEX","2B","1271.0","-7","0","22","12282"
"2016","Troy Tulowitzki","TOR","SS","1128.2","9","-3","9","3531"
"2017","Jed Lowrie","OAK","2B","1161.0","-6","6","5","4418"
"2017","Anthony Rendon","WSN","3B","1268.1","9","5","7","12861"
"2016","Justin Turner","LAD","3B","1224.2","9","6","9","5235"
"2018","Marcus Semien","OAK","SS","1423.2","11","1","20","12533"
"2019","Jackie Bradley Jr.","BOS","CF","1247.0","0","6","4","12984"
"2022","Adam Frazier","SEA","2B","991.2","-1","6","6","15223"
"2022","Will Smith","LAD","C","956.1","7","","3","19197"
"2015","Austin Jackson","- - -","CF","939.0","0","","3","9848"
"2017","Eugenio Suarez","CIN","3B","1302.0","4","4","9","12552"
"2017","Alex Bregman","HOU","3B","1092.2","-2","5","10","17678"
"2018","Corey Dickerson","PIT","LF","1057.1","15","9","1","10762"
"2017","David Freese","PIT","3B","977.2","9","4","12","9549"
"2020","Carlos Correa","HOU","SS","475.0","7","5","1","14162"
"2020","Cesar Hernandez","CLE","2B","503.2","6","4","4","10556"
"2022","Javier Baez","DET","SS","1122.2","-4","2","26","12979"
"2019","Kolten Wong","STL","2B","1195.1","17","3","9","12532"
"2018","Manuel Margot","SDP","CF","1111.0","7","11","3","14712"
"2015","Trevor Plouffe","MIN","3B","1217.0","0","","11","7462"
"2019","Dansby Swanson","ATL","SS","1090.2","-2","1","12","18314"
"2016","Welington Castillo","ARI","C","925.0","2","","7","3256"
"2017","Rougned Odor","TEX","2B","1366.1","2","4","19","12282"
"2018","Johan Camargo","ATL","3B","937.0","3","4","10","14950"
"2016","Todd Frazier","CHW","3B","1320.1","0","4","11","785"
"2019","Joe Panik","- - -","2B","955.1","-7","5","5","11936"
"2019","Jonathan Schoop","MIN","2B","983.1","-2","4","14","11265"
"2022","Jose Iglesias","COL","SS","975.2","-4","0","8","10231"
"2018","Anthony Rendon","WSN","3B","1186.0","2","3","6","12861"
"2016","Odubel Herrera","PHI","CF","1301.1","10","6","9","11476"
"2017","Tucker Barnhart","CIN","C","926.1","15","","1","10200"
"2021","Manny Machado","SDP","3B","1238.1","6","3","13","11493"
"2019","Yoan Moncada","CHW","3B","1095.2","0","6","15","17232"
"2018","Jose Ramirez","CLE","3B","1210.1","2","4","11","13510"
"2015","Mike Moustakas","KCR","3B","1254.0","1","","12","4892"
"2020","Jackie Bradley Jr.","BOS","CF","471.0","5","7","0","12984"
"2019","Trea Turner","WSN","SS","1065.1","4","2","13","16252"
"2022","Michael A. Taylor","KCR","CF","1010.0","19","5","3","11489"
"2016","Josh Harrison","PIT","2B","1077.2","9","6","7","8202"
"2015","Jace Peterson","ATL","2B","1218.0","4","","9","12325"
"2020","Sean Murphy","OAK","C","339.1","2","","2","19352"
"2020","Yadier Molina","STL","C","337.1","1","","5","7007"
"2015","Starlin Castro","CHC","SS","943.0","-5","","18","4579"
"2017","Kris Bryant","CHC","3B","1212.2","-3","3","18","15429"
"2021","Jose Iglesias","- - -","SS","992.2","-22","0","16","10231"
"2016","Ketel Marte","SEA","SS","1032.2","-2","-3","21","13613"
"2020","Adam Frazier","PIT","2B","343.0","6","5","1","15223"
"2022","Matt Chapman","TOR","3B","1344.1","2","1","5","16505"
"2015","Salvador Perez","KCR","C","1192.1","2","","4","7304"
"2016","Chase Headley","NYY","3B","1169.0","4","6","10","4720"
"2020","Brian Anderson","MIA","3B","460.0","3","5","9","18289"
"2019","Rougned Odor","TEX","2B","1188.1","-8","3","15","12282"
"2016","Ian Desmond","TEX","CF","1109.0","-11","4","9","6885"
"2017","Evan Longoria","TBR","3B","1240.0","8","3","12","9368"
"2015","Alexei Ramirez","CHW","SS","1349.2","-5","","16","5133"
"2021","Miguel Rojas","MIA","SS","1073.0","5","-4","11","7802"
"2019","Jose Ramirez","CLE","3B","1088.2","0","6","14","13510"
"2015","Asdrubal Cabrera","TBR","SS","1141.0","-10","","9","4962"
"2020","Isiah Kiner-Falefa","TEX","3B","366.1","7","5","5","16512"
"2019","Yolmer Sanchez","CHW","2B","1256.2","5","-1","9","11602"
"2018","Andrew Benintendi","BOS","LF","1077.1","12","2","3","17901"
"2016","Elvis Andrus","TEX","SS","1294.0","-11","-6","17","8709"
"2015","Jose Altuve","HOU","2B","1330.2","-5","","5","5417"
"2015","Jean Segura","MIL","SS","1232.1","1","","19","5933"
"2019","Cody Bellinger","LAD","RF","911.1","18","6","2","15998"
"2022","Jose Ramirez","CLE","3B","1109.2","2","1","10","13510"
"2016","Marcus Semien","OAK","SS","1385.1","1","-6","21","12533"
"2018","Mike Trout","LAA","CF","1076.2","6","5","0","10155"
"2020","Adalberto Mondesi","KCR","SS","497.0","4","3","4","13769"
"2021","Jose Altuve","HOU","2B","1263.0","-3","5","8","5417"
"2017","Steven Souza Jr.","TBR","RF","1197.0","5","9","5","5667"
"2015","Kolten Wong","STL","2B","1278.2","7","","17","12532"
"2022","Victor Robles","WSN","CF","971.2","12","5","6","18363"
"2021","Adam Frazier","- - -","2B","1159.2","7","2","5","15223"
"2021","Amed Rosario","CLE","SS","1019.2","-9","-3","10","15518"
"2020","Evan Longoria","SFG","3B","426.2","2","5","2","9368"
"2020","Jonathan Schoop","DET","2B","355.2","1","5","1","11265"
"2018","Whit Merrifield","KCR","2B","933.2","0","6","6","11281"
"2015","Logan Forsythe","TBR","2B","1073.1","0","","7","7185"
"2017","Robinson Cano","SEA","2B","1286.2","-6","-3","10","3269"
"2022","Isiah Kiner-Falefa","NYY","SS","1185.0","10","-2","15","16512"
"2018","Alex Bregman","HOU","3B","1173.2","5","0","13","17678"
"2019","Mookie Betts","BOS","RF","1129.1","19","5","1","13611"
"2017","Starlin Castro","NYY","2B","936.0","-6","5","11","4579"
"2016","Gregory Polanco","PIT","RF","906.2","3","4","5","12907"
"2015","Kyle Seager","SEA","3B","1421.0","10","","16","9785"
"2016","Cameron Rupp","PHI","C","911.1","-11","","5","11146"
"2022","Mookie Betts","LAD","RF","1154.1","15","4","2","13611"
"2022","Cody Bellinger","LAD","CF","1223.0","0","6","3","15998"
"2022","Brendan Rodgers","COL","2B","1168.1","22","3","10","17907"
"2017","Dansby Swanson","ATL","SS","1202.0","-4","-5","20","18314"
"2021","Yoan Moncada","CHW","3B","1182.1","3","0","16","17232"
"2015","Wilson Ramos","WSN","C","1078.1","10","","6","1433"
"2018","Jose Iglesias","DET","SS","1055.1","0","-1","8","10231"
"2022","Marcus Semien","TEX","2B","1293.0","11","8","7","12533"
"2017","Aaron Judge","NYY","RF","1238.2","8","8","5","15640"
"2017","Justin Turner","LAD","3B","1000.0","4","3","8","5235"
"2017","Jorge Polanco","MIN","SS","1119.2","-8","1","18","13152"
"2021","Bo Bichette","TOR","SS","1271.1","2","-5","24","19612"
"2019","Tony Wolters","COL","C","904.1","9","","1","11470"
"2019","Jose Altuve","HOU","2B","1023.2","-1","4","11","5417"
"2021","Willson Contreras","CHC","C","935.2","8","","7","11609"
"2019","Kyle Seager","SEA","3B","909.2","8","3","11","9785"
"2016","Jake Lamb","ARI","3B","1186.1","-5","4","20","13329"
"2022","Cedric Mullins II","BAL","CF","1259.2","5","8","0","17929"
"2022","Jake Cronenworth","SDP","2B","1239.2","2","4","4","18036"
"2016","Jason Heyward","CHC","RF","1029.2","12","11","2","4940"
"2017","Alex Gordon","KCR","LF","1178.2","6","4","2","5209"
"2015","Kris Bryant","CHC","3B","1209.1","-5","","17","15429"
"2019","Justin Turner","LAD","3B","1023.2","-5","4","8","5235"
"2021","Tyler O'Neill","STL","LF","1105.0","11","4","9","15711"
"2020","Manny Machado","SDP","3B","464.0","7","3","2","11493"
"2022","Steven Kwan","CLE","LF","1019.2","21","10","2","24610"
"2015","J.D. Martinez","DET","RF","1306.1","8","","2","6184"
"2018","Alex Gordon","KCR","LF","1085.0","14","3","2","5209"
"2017","Whit Merrifield","KCR","2B","1142.2","-1","2","11","11281"
"2020","Kolten Wong","STL","2B","397.0","5","2","2","12532"
"2020","Joey Gallo","TEX","RF","456.2","13","3","0","14128"
"2020","Tim Anderson","CHW","SS","417.1","2","2","6","15172"
"2017","Jason Heyward","CHC","RF","919.0","18","6","2","4940"
"2016","Adam Duvall","CIN","LF","1173.1","17","4","8","10950"
"2019","Christian Walker","ARI","1B","1179.0","9","15","11","13419"
"2020","Danny Jansen","TOR","C","342.1","-4","","2","16535"
"2021","Isiah Kiner-Falefa","TEX","SS","1360.0","10","-6","19","16512"
"2021","Cedric Mullins II","BAL","CF","1264.0","-1","11","6","17929"
"2020","Kyle Seager","SEA","3B","450.2","-3","3","4","9785"
"2016","DJ LeMahieu","COL","2B","1242.2","3","5","6","9874"
"2015","Marcell Ozuna","MIA","CF","924.2","-1","","1","10324"
"2016","Anthony Rendon","WSN","3B","1345.0","13","1","9","12861"
"2021","Justin Turner","LAD","3B","1173.2","-2","0","12","5235"
"2022","Alek Thomas","ARI","CF","907.1","6","6","3","23792"
"2020","Mookie Betts","LAD","RF","438.2","11","4","4","13611"
"2019","Robinson Chirinos","HOU","C","966.0","4","","6","3142"
"2015","Mookie Betts","BOS","CF","1157.0","11","","4","13611"
"2018","Jeimer Candelario","DET","3B","1212.0","-11","1","10","13621"
"2015","Jhonny Peralta","STL","SS","1287.2","-14","","8","1738"
"2021","Bryan Reynolds","PIT","CF","1133.2","-5","10","2","19326"
"2019","Marcus Semien","OAK","SS","1435.0","7","-4","12","12533"
"2020","Trevor Story","COL","SS","491.1","6","0","10","12564"
"2015","Jason Kipnis","CLE","2B","1082.2","-5","","7","9776"
"2015","Brandon Phillips","CIN","2B","1228.0","-7","","6","791"
"2021","Trevor Story","COL","SS","1175.0","9","-6","14","12564"
"2016","Jason Kipnis","CLE","2B","1309.1","0","-1","12","9776"
"2020","Tyler O'Neill","STL","LF","344.0","9","4","0","15711"
"2022","Carlos Correa","MIN","SS","1113.1","3","-3","8","14162"
"2019","Anthony Rendon","WSN","3B","1265.1","6","4","11","12861"
"2015","Omar Infante","KCR","2B","1060.1","4","","10","1609"
"2018","Carlos Gonzalez","COL","RF","1004.1","-4","3","2","7287"
"2017","Tim Beckham","- - -","SS","1047.1","-7","-3","18","7949"
"2015","Kole Calhoun","LAA","RF","1383.2","6","","4","11200"
"2015","Rougned Odor","TEX","2B","1007.1","-6","","17","12282"
"2015","DJ LeMahieu","COL","2B","1284.0","-3","","9","9874"
"2016","Christian Yelich","MIA","LF","1061.0","2","3","3","11477"
"2015","David Freese","LAA","3B","913.2","2","","8","9549"
"2020","Rio Ruiz","BAL","3B","433.2","3","2","6","14103"
"2020","Orlando Arcia","MIL","SS","439.1","-4","1","3","13185"
"2021","Cesar Hernandez","- - -","2B","1227.0","-11","0","12","10556"
"2015","Juan Lagares","NYM","CF","999.0","1","","2","5384"
"2017","Brett Gardner","NYY","LF","1024.0","18","3","0","9927"
"2017","Carlos Correa","HOU","SS","946.0","10","-4","9","14162"
"2021","Starling Marte","- - -","CF","1022.2","-4","0","3","9241"
"2017","Zack Cozart","CIN","SS","968.0","5","-7","11","2616"
"2018","Xander Bogaerts","BOS","SS","1183.1","-8","-4","10","12161"
"2017","Marcell Ozuna","MIA","LF","1335.0","7","2","5","10324"
"2019","Eugenio Suarez","CIN","3B","1308.2","-6","1","17","12552"
"2018","Eddie Rosario","MIN","LF","1049.1","10","-1","8","12155"
"2018","Eugenio Suarez","CIN","3B","1218.0","0","0","19","12552"
"2021","Jeimer Candelario","DET","3B","1237.2","-3","0","9","13621"
"2019","Todd Frazier","NYM","3B","997.1","1","1","12","785"
"2015","Jimmy Rollins","LAD","SS","1134.1","-3","","9","971"
"2015","Carlos Gomez","- - -","CF","959.2","3","","7","4881"
"2020","Alex Bregman","HOU","3B","363.1","1","1","2","17678"
"2022","Kyle Tucker","HOU","RF","1276.1","14","3","3","18345"
"2022","Brandon Nimmo","NYM","CF","1282.1","-3","6","0","12927"
"2020","Anthony Rendon","LAA","3B","455.0","-1","1","3","12861"
"2017","Max Kepler","MIN","RF","1086.0","4","7","2","12144"
"2020","Jorge Polanco","MIN","SS","448.1","-4","0","2","13152"
"2020","Randal Grichuk","TOR","CF","399.2","-8","1","1","10243"
"2018","Ketel Marte","ARI","2B","989.2","13","1","5","13613"
"2022","Jose Altuve","HOU","2B","1150.1","-15","2","9","5417"
"2022","Eugenio Suarez","SEA","3B","1144.0","-2","-1","10","12552"
"2015","Brian Dozier","MIN","2B","1383.0","-4","","8","9810"
"2019","James McCann","CHW","C","905.1","4","","7","12859"
"2016","Logan Forsythe","TBR","2B","1028.1","2","1","9","7185"
"2021","Raimel Tapia","COL","LF","952.0","7","1","3","14350"
"2016","Matt Wieters","BAL","C","980.1","-3","","11","4298"
"2015","Gregory Polanco","PIT","RF","1220.1","11","","8","12907"
"2015","Curtis Granderson","NYM","RF","1275.2","12","","5","4747"
"2018","Eduardo Escobar","- - -","3B","1102.1","4","0","5","6153"
"2018","Kyle Seager","SEA","3B","1332.2","-3","-5","14","9785"
"2015","Starling Marte","PIT","LF","1186.1","22","","1","9241"
"2020","Kyle Tucker","HOU","LF","352.0","3","3","1","18345"
"2017","Josh Donaldson","TOR","3B","921.0","-1","2","14","5038"
"2020","Corey Seager","LAD","SS","376.0","-2","1","8","13624"
"2020","Avisail Garcia","MIL","CF","348.1","-5","0","0","5760"
"2017","Dee Strange-Gordon","MIA","2B","1293.1","7","-4","12","8203"
"2021","David Peralta","ARI","LF","1074.2","0","5","3","2136"
"2019","Starling Marte","PIT","CF","1141.1","-8","2","5","9241"
"2019","Ozzie Albies","ATL","2B","1405.0","9","-3","4","16556"
"2021","Avisail Garcia","MIL","RF","1007.0","8","-2","6","5760"
"2020","David Peralta","ARI","LF","380.1","-1","1","0","2136"
"2020","Martin Maldonado","HOU","C","392.0","-1","","2","6887"
"2020","Robbie Grossman","OAK","LF","379.1","-2","4","0","5254"
"2021","Nick Solak","TEX","2B","1050.2","-6","1","5","19294"
"2021","Ozzie Albies","ATL","2B","1358.2","1","0","8","16556"
"2019","Kris Bryant","CHC","3B","939.1","0","0","13","15429"
"2018","Kevin Pillar","TOR","CF","1172.1","-3","0","6","12434"
"2020","Ian Happ","CHC","CF","360.2","-2","1","0","17919"
"2020","Eugenio Suarez","CIN","3B","473.0","-4","0","5","12552"
"2015","Joc Pederson","LAD","CF","1223.0","-2","","4","11899"
"2019","Juan Soto","WSN","LF","1327.1","2","7","2","20123"
"2017","Salvador Perez","KCR","C","941.2","0","","5","7304"
"2020","Cody Bellinger","LAD","CF","335.2","5","5","1","15998"
"2015","Andrew McCutchen","PIT","CF","1374.2","-7","","2","9847"
"2017","Jose Altuve","HOU","2B","1283.1","-1","-1","10","5417"
"2015","Erick Aybar","LAA","SS","1335.2","-5","","17","4082"
"2020","Eduardo Escobar","ARI","3B","395.1","0","0","8","6153"
"2016","Adam Jones","BAL","CF","1300.0","-7","3","2","6368"
"2021","Kolten Wong","MIL","2B","937.0","6","2","2","12532"
"2020","Luis Robert","CHW","CF","483.0","8","5","1","20043"
"2015","Ian Desmond","WSN","SS","1359.0","0","","27","6885"
"2019","Orlando Arcia","MIL","SS","1241.1","-2","-6","14","13185"
"2019","Michael Conforto","NYM","RF","1012.1","3","6","3","16376"
"2022","Christian Walker","ARI","1B","1292.0","17","14","5","13419"
"2020","Gio Urshela","NYY","3B","357.2","5","-1","1","10681"
"2020","Ramon Laureano","OAK","CF","447.0","5","2","0","17128"
"2016","Melvin Upton Jr.","- - -","LF","912.2","9","-1","3","5015"
"2020","Evan White","SEA","1B","443.0","7","5","1","20078"
"2015","Robinson Cano","SEA","2B","1316.1","-8","","6","3269"
"2015","Jacoby Ellsbury","NYY","CF","948.0","1","","0","4727"
"2021","Xander Bogaerts","BOS","SS","1169.0","-5","-9","9","12161"
"2018","Mike Moustakas","- - -","3B","1096.1","-2","-4","12","4892"
"2020","Kyle Lewis","SEA","CF","478.2","-1","2","2","19508"
"2018","Matt Duffy","TBR","3B","1063.0","0","-2","13","13836"
"2022","Rafael Devers","BOS","3B","1186.0","-6","-2","14","17350"
"2020","Victor Robles","WSN","CF","422.2","-4","1","0","18363"
"2019","Dee Strange-Gordon","SEA","2B","918.1","0","-2","9","8203"
"2018","Trevor Story","COL","SS","1372.2","7","-6","13","12564"
"2017","Matt Wieters","WSN","C","1003.2","-5","","8","4298"
"2016","Didi Gregorius","NYY","SS","1309.1","-8","-8","15","6012"
"2022","Bo Bichette","TOR","SS","1374.1","-16","-7","23","19612"
"2019","Yasiel Puig","- - -","RF","1224.0","-2","2","6","14225"
"2020","Maikel Franco","KCR","3B","435.0","0","-1","6","12179"
"2019","Eduardo Escobar","ARI","3B","1137.0","1","0","7","6153"
"2020","Kole Calhoun","ARI","RF","403.1","0","-1","1","11200"
"2019","Wilson Ramos","NYM","C","1016.1","-11","","7","1433"
"2020","Alex Gordon","KCR","LF","391.0","1","-1","0","5209"
"2020","Nomar Mazara","CHW","RF","336.0","2","1","0","14553"
"2017","Jonathan Lucroy","- - -","C","947.2","-15","","4","7870"
"2019","Ramon Laureano","OAK","CF","944.1","-8","-6","7","17128"
"2021","Willy Adames","- - -","SS","1150.0","1","-8","15","15986"
"2016","Randal Grichuk","STL","CF","949.1","7","-3","0","10243"
"2016","Starling Marte","PIT","LF","966.2","17","-2","4","9241"
"2022","Mike Trout","LAA","CF","937.2","0","3","1","10155"
"2021","Jorge Polanco","MIN","2B","971.1","3","-1","12","13152"
"2016","Alex Gordon","KCR","LF","1100.1","2","3","2","5209"
"2016","Brett Gardner","NYY","LF","1219.0","10","3","3","9927"
"2021","Trent Grisham","SDP","CF","1043.1","8","4","4","18564"
"2017","Kevin Pillar","TOR","CF","1343.1","14","-2","1","12434"
"2019","Cesar Hernandez","PHI","2B","1376.2","0","0","12","10556"
"2017","Avisail Garcia","CHW","RF","1120.0","-1","2","9","5760"
"2018","Brett Gardner","NYY","LF","901.0","10","1","3","9927"
"2015","Howie Kendrick","LAD","2B","989.0","-9","","5","4229"
"2020","Xander Bogaerts","BOS","SS","438.0","-4","-3","5","12161"
"2015","Chase Headley","NYY","3B","1320.0","-7","","23","4720"
"2017","Mike Moustakas","KCR","3B","1093.0","-11","-2","12","4892"
"2019","Mike Trout","LAA","CF","1051.2","-4","-1","4","10155"
"2022","Amed Rosario","CLE","SS","1241.0","6","-7","12","15518"
"2016","Evan Longoria","TBR","3B","1316.0","-4","-2","9","9368"
"2017","Scott Schebler","CIN","RF","986.2","2","1","5","12225"
"2015","Johnny Giavotella","LAA","2B","1094.2","-10","","12","6740"
"2017","Maikel Franco","PHI","3B","1251.0","0","-2","15","12179"
"2022","Gio Urshela","MIN","3B","1144.2","4","-5","6","10681"
"2022","Julio Rodriguez","SEA","CF","1126.2","3","6","6","23697"
"2020","Stephen Piscotty","OAK","RF","376.1","2","-2","0","13367"
"2016","Martin Prado","MIA","3B","1264.2","2","-4","9","3312"
"2020","Jose Ramirez","CLE","3B","497.0","-6","-3","6","13510"
"2022","Jacob Stallings","MIA","C","906.0","-9","","2","13723"
"2015","Jose Reyes","- - -","SS","996.0","-7","","16","1736"
"2020","Bryce Harper","PHI","RF","370.0","-1","1","1","11579"
"2020","Yoan Moncada","CHW","3B","448.0","-2","-2","6","17232"
"2022","Gleyber Torres","NYY","2B","1082.2","9","0","7","16997"
"2020","Trea Turner","WSN","SS","479.2","-5","-3","9","16252"
"2016","Cheslor Cuthbert","KCR","3B","1096.1","-9","-2","16","10473"
"2020","George Springer","HOU","CF","338.0","6","1","0","12856"
"2017","Cesar Hernandez","PHI","2B","1096.1","-3","-4","11","10556"
"2020","Adam Eaton","WSN","RF","335.0","-7","-1","1","11205"
"2020","Paul Goldschmidt","STL","1B","411.1","1","3","1","9218"
"2020","Paul DeJong","STL","SS","369.0","0","-3","4","18015"
"2016","Jacoby Ellsbury","NYY","CF","1217.1","7","2","3","4727"
"2020","Starling Marte","- - -","CF","486.2","-2","2","1","9241"
"2021","Juan Soto","WSN","RF","1226.0","4","5","6","20123"
"2015","Dexter Fowler","CHC","CF","1324.1","-12","","4","4062"
"2016","Nick Castellanos","DET","3B","898.0","-4","-2","9","11737"
"2022","Cesar Hernandez","WSN","2B","1080.0","-8","-4","4","10556"
"2017","Tim Anderson","CHW","SS","1264.0","-23","-10","28","15172"
"2020","Willy Adames","TBR","SS","450.0","2","-4","9","15986"
"2020","Jose Abreu","CHW","1B","470.0","5","3","5","15676"
"2020","Jose Altuve","HOU","2B","415.2","-3","-4","4","5417"
"2021","Aaron Judge","NYY","RF","912.0","11","0","3","15640"
"2017","Joe Mauer","MIN","1B","1040.2","13","11","2","1857"
"2019","Jean Segura","PHI","SS","1212.2","-3","-7","20","5933"
"2015","Chris Owings","ARI","2B","918.2","9","","4","10030"
"2020","Jason Heyward","CHC","RF","404.0","1","1","0","4940"
"2021","Austin Riley","ATL","3B","1326.2","13","-6","14","18360"
"2020","Keston Hiura","MIL","2B","406.0","-8","-2","6","20003"
"2019","Maikel Franco","PHI","3B","924.2","1","-1","8","12179"
"2019","Kole Calhoun","LAA","RF","1298.2","-7","1","6","11200"
"2020","Max Kepler","MIN","RF","366.1","2","0","1","12144"
"2022","David Peralta","- - -","LF","927.0","-5","5","2","2136"
"2022","Rougned Odor","BAL","2B","1019.1","-9","-5","16","12282"
"2017","Joe Panik","SFG","2B","1191.0","-7","-5","9","11936"
"2018","A.J. Pollock","ARI","CF","936.0","2","6","1","9256"
"2020","Donovan Solano","SFG","2B","343.2","1","-2","7","8623"
"2022","Jeimer Candelario","DET","3B","974.0","-1","-6","11","13621"
"2022","J.P. Crawford","SEA","SS","1254.0","-4","-11","14","15491"
"2020","Corey Dickerson","MIA","LF","344.1","-2","-1","2","10762"
"2016","Josh Donaldson","TOR","3B","1188.0","-1","-4","14","5038"
"2015","Neil Walker","PIT","2B","1224.2","-4","","7","7539"
"2016","Dustin Pedroia","BOS","2B","1292.2","8","-6","6","8370"
"2019","Xander Bogaerts","BOS","SS","1368.0","-9","-9","13","12161"
"2021","Brandon Lowe","TBR","2B","1093.0","-7","-5","11","18882"
"2022","Austin Riley","ATL","3B","1408.0","6","-6","14","18360"
"2019","Brian Dozier","WSN","2B","1009.0","-1","-4","5","9810"
"2020","Yuli Gurriel","HOU","1B","472.0","2","3","1","19198"
"2018","Kyle Schwarber","CHC","LF","943.2","6","-8","1","16478"
"2015","Brandon Belt","SFG","1B","1050.0","11","","3","10264"
"2016","Steven Souza Jr.","TBR","RF","947.2","3","5","3","5667"
"2019","Matt Olson","OAK","1B","1120.2","12","8","8","14344"
"2015","Cameron Maybin","ATL","CF","1129.2","-16","","3","5223"
"2019","Amed Rosario","NYM","SS","1337.1","-3","-12","17","15518"
"2020","Austin Riley","ATL","3B","383.1","-10","-4","6","18360"
"2015","Torii Hunter","MIN","RF","1035.2","-9","","5","731"
"2018","Maikel Franco","PHI","3B","965.2","-10","-5","15","12179"
"2020","Anthony Rizzo","CHC","1B","474.1","4","2","1","3473"
"2018","Jason Kipnis","CLE","2B","1133.2","-10","-5","9","9776"
"2021","Gleyber Torres","NYY","SS","915.2","-10","-9","18","16997"
"2019","Bryce Harper","PHI","RF","1318.0","11","0","5","11579"
"2017","Andrew McCutchen","PIT","CF","1188.1","-12","-2","4","9847"
"2018","Alcides Escobar","KCR","SS","905.1","-21","-6","9","6310"
"2016","Neil Walker","NYM","2B","961.2","-4","-7","7","7539"
"2020","Jeimer Candelario","DET","1B","345.1","3","1","4","13621"
"2016","George Springer","HOU","RF","1308.0","5","0","2","12856"
"2020","Eddie Rosario","MIN","LF","438.1","3","-1","2","12155"
"2018","Cesar Hernandez","PHI","2B","1349.2","-5","-5","12","10556"
"2018","Scooter Gennett","CIN","2B","1210.0","-12","-5","11","10339"
"2020","Hanser Alberto","BAL","2B","412.2","-2","-4","2","11902"
"2017","Manny Machado","BAL","3B","1370.0","9","-6","14","11493"
"2018","Evan Longoria","SFG","3B","1051.0","1","-6","15","9368"
"2020","Michael Conforto","NYM","RF","438.1","0","-4","0","16376"
"2015","Matt Carpenter","STL","3B","1244.0","-2","","14","8090"
"2020","Mike Trout","LAA","CF","454.1","-9","0","0","10155"
"2020","Rafael Devers","BOS","3B","475.0","-4","-4","14","17350"
"2021","Max Muncy","LAD","1B","901.0","6","7","2","13301"
"2022","Eduardo Escobar","NYM","3B","1108.2","-11","-7","12","6153"
"2020","Aaron Hicks","NYY","CF","393.2","-8","-4","2","5297"
"2016","Freddie Freeman","ATL","1B","1411.2","7","12","5","5361"
"2016","Dexter Fowler","CHC","CF","1027.1","0","-2","4","4062"
"2016","Jose Altuve","HOU","2B","1307.0","0","-3","7","5417"
"2018","Odubel Herrera","PHI","CF","1145.2","-6","0","2","11476"
"2020","Brandon Belt","SFG","1B","351.1","0","0","2","10264"
"2020","Christian Walker","ARI","1B","366.1","-1","0","3","13419"
"2016","Adonis Garcia","ATL","3B","1084.1","-11","-5","18","13777"
"2021","Lourdes Gurriel Jr.","TOR","LF","943.2","6","-8","4","19238"
"2020","Freddie Freeman","ATL","1B","477.1","1","1","1","5361"
"2019","C.J. Cron","MIN","1B","993.1","1","6","8","12546"
"2020","Lourdes Gurriel Jr.","TOR","LF","437.2","-4","-2","1","19238"
"2018","Gleyber Torres","NYY","2B","915.2","5","-3","12","16997"
"2016","Aledmys Diaz","STL","SS","910.0","-10","-11","16","15937"
"2015","Alex Rios","KCR","RF","914.2","-8","","3","2090"
"2017","Carlos Santana","CLE","1B","1225.2","8","8","5","2396"
"2022","Ian Happ","CHC","LF","1233.1","13","1","3","17919"
"2020","Charlie Blackmon","COL","RF","427.2","0","-1","0","7859"
"2020","Carlos Santana","CLE","1B","531.0","6","2","4","2396"
"2017","Jake Lamb","ARI","3B","1264.0","-8","-7","14","13329"
"2016","Joc Pederson","LAD","CF","1032.0","2","1","2","11899"
"2020","Didi Gregorius","PHI","SS","470.0","-2","-8","7","6012"
"2015","Yunel Escobar","WSN","3B","1126.2","-12","","7","4191"
"2017","Didi Gregorius","NYY","SS","1174.2","8","-10","9","6012"
"2020","Kyle Schwarber","CHC","LF","363.1","-3","-3","0","16478"
"2015","Charlie Blackmon","COL","CF","1209.2","-12","","3","7859"
"2017","Yasiel Puig","LAD","RF","1201.2","14","-2","1","14225"
"2016","Bryce Harper","WSN","RF","1245.2","-3","-4","2","11579"
"2021","Wil Myers","SDP","RF","934.1","-8","1","0","10047"
"2018","Marcell Ozuna","STL","LF","1283.1","3","-1","4","10324"
"2016","Maikel Franco","PHI","3B","1291.1","-10","-5","13","12179"
"2015","Nick Castellanos","DET","3B","1175.2","-2","","12","11737"
"2022","Andrew Benintendi","- - -","LF","1041.1","2","0","0","17901"
"2018","Kole Calhoun","LAA","RF","1141.0","1","1","4","11200"
"2018","Paul DeJong","STL","SS","1005.1","6","-9","12","18015"
"2016","Curtis Granderson","NYM","RF","905.0","2","2","0","4747"
"2016","Ryan Zimmerman","WSN","1B","969.0","3","7","4","4220"
"2018","Rafael Devers","BOS","3B","1016.2","-11","-7","24","17350"
"2016","Alexei Ramirez","- - -","SS","1059.2","-14","-14","14","5133"
"2022","Alec Bohm","PHI","3B","1146.2","-17","-9","13","21618"
"2022","Seiya Suzuki","CHC","RF","905.1","-4","-4","4","30116"
"2016","Marcell Ozuna","MIA","CF","1069.0","-17","-4","5","10324"
"2017","Eddie Rosario","MIN","LF","1108.1","-6","-2","4","12155"
"2018","Willson Contreras","CHC","C","1109.2","3","","11","11609"
"2018","Justin Smoak","TOR","1B","1127.1","1","5","1","9054"
"2020","Miguel Sano","MIN","1B","423.1","-5","-1","4","12164"
"2018","Didi Gregorius","NYY","SS","1149.1","2","-10","6","6012"
"2022","Jurickson Profar","SDP","LF","1237.2","2","-5","4","10815"
"2016","Xander Bogaerts","BOS","SS","1378.2","-10","-16","12","12161"
"2020","Eloy Jimenez","CHW","LF","453.2","-4","-4","1","17484"
"2016","Kole Calhoun","LAA","RF","1316.1","1","-1","5","11200"
"2015","Freddie Freeman","ATL","1B","958.0","0","","4","5361"
"2016","Ben Zobrist","CHC","2B","976.1","-5","-5","7","7435"
"2021","Michael Conforto","NYM","RF","956.1","-4","1","5","16376"
"2015","Chris Davis","BAL","1B","947.0","-2","","3","9272"
"2020","Matt Olson","OAK","1B","499.1","3","-1","1","14344"
"2019","Manny Machado","SDP","3B","1040.0","1","-6","11","11493"
"2015","David Peralta","ARI","LF","982.2","-4","","2","2136"
"2016","Scooter Gennett","MIL","2B","1062.0","-8","-6","14","10339"
"2016","Salvador Perez","KCR","C","1105.2","3","","4","7304"
"2019","Jurickson Profar","OAK","2B","1024.0","-20","-7","13","10815"
"2018","Mitch Haniger","SEA","RF","1154.2","11","-3","8","14274"
"2021","Andrew Benintendi","KCR","LF","1116.0","7","0","3","17901"
"2018","Nomar Mazara","TEX","RF","984.0","-8","-8","2","14553"
"2019","Paul Goldschmidt","STL","1B","1369.2","0","6","5","9218"
"2016","Giancarlo Stanton","MIA","RF","919.1","3","3","4","4949"
"2020","Wil Myers","SDP","RF","432.1","-2","1","3","10047"
"2015","Kurt Suzuki","MIN","C","1096.0","-10","","3","8259"
"2016","J.T. Realmuto","MIA","C","1113.0","-13","","10","11739"
"2017","Giancarlo Stanton","MIA","RF","1312.1","11","-1","4","4949"
"2021","Jonathan Schoop","DET","1B","905.2","-4","4","7","11265"
"2018","Anthony Rizzo","CHC","1B","1326.1","6","5","7","3473"
"2018","Nick Markakis","ATL","RF","1387.1","3","2","2","5930"
"2019","Michael Brantley","HOU","LF","948.2","11","-2","3","4106"
"2018","Carlos Santana","PHI","1B","1275.0","3","4","10","2396"
"2019","Gio Urshela","NYY","3B","978.1","0","-7","13","10681"
"2018","Aaron Hicks","NYY","CF","1138.1","-7","-4","2","5297"
"2015","Carlos Gonzalez","COL","RF","1230.1","0","","7","7287"
"2022","Taylor Ward","LAA","RF","1069.0","-3","2","5","17548"
"2016","Zack Cozart","CIN","SS","966.2","9","-11","10","2616"
"2016","Corey Seager","LAD","SS","1345.0","-7","-15","18","13624"
"2015","Marcus Semien","OAK","SS","1304.2","-8","","35","12533"
"2018","Ronald Guzman","TEX","1B","939.2","2","3","6","14388"
"2018","Michael Brantley","CLE","LF","1136.1","-2","-4","1","4106"
"2016","Jonathan Villar","MIL","SS","915.2","-4","-12","17","10071"
"2016","Mike Trout","LAA","CF","1260.1","6","-4","4","10155"
"2015","Brett Gardner","NYY","LF","942.2","4","","0","9927"
"2018","Miguel Andujar","NYY","3B","1169.1","-21","-7","15","15878"
"2016","Angel Pagan","SFG","LF","1047.0","1","-2","6","2918"
"2015","A.J. Pierzynski","ATL","C","909.2","-14","","2","746"
"2021","Hunter Renfroe","BOS","RF","1166.0","0","-3","12","15464"
"2022","Patrick Wisdom","CHC","3B","903.0","-6","-11","14","13602"
"2021","Josh Bell","WSN","1B","983.0","-1","4","5","13145"
"2019","Marcell Ozuna","STL","LF","1112.0","3","-6","4","10324"
"2021","Bryce Harper","PHI","RF","1174.0","-6","-6","1","11579"
"2018","Colin Moran","PIT","3B","934.2","-9","-9","10","16909"
"2018","Mitch Moreland","BOS","1B","932.1","5","1","2","3086"
"2022","Hunter Renfroe","MIL","RF","1043.2","2","-2","4","15464"
"2018","Matt Olson","OAK","1B","1403.1","8","4","7","14344"
"2018","Gregory Polanco","PIT","RF","1071.2","-2","-3","2","12907"
"2017","Jay Bruce","- - -","RF","1140.0","4","-1","4","9892"
"2020","Luke Voit","NYY","1B","377.2","-4","-4","3","14811"
"2015","James McCann","DET","C","943.1","-8","","0","12859"
"2015","Anthony Gose","DET","CF","1120.0","-12","","4","5097"
"2016","Carlos Gonzalez","COL","RF","1261.0","3","-2","3","7287"
"2019","Jason Kipnis","CLE","2B","1024.0","-6","-11","4","9776"
"2015","Justin Upton","SDP","LF","1260.1","7","","3","5222"
"2015","Mitch Moreland","TEX","1B","982.1","2","","4","3086"
"2015","Miguel Cabrera","DET","1B","932.1","1","","4","1744"
"2018","Chris Davis","BAL","1B","1010.0","-8","2","5","9272"
"2017","Anthony Rizzo","CHC","1B","1341.0","12","6","3","3473"
"2015","Brett Lawrie","OAK","3B","930.2","-5","","18","5247"
"2017","Kole Calhoun","LAA","RF","1338.1","2","-5","4","11200"
"2016","Miguel Cabrera","DET","1B","1262.0","-3","5","7","1744"
"2021","Salvador Perez","KCR","C","1002.2","-5","","2","7304"
"2022","Kolten Wong","MIL","2B","1030.2","-1","-9","17","12532"
"2021","Anthony Rizzo","- - -","1B","1190.0","-6","6","6","3473"
"2020","Nick Castellanos","CIN","RF","467.0","-4","-4","3","11737"
"2021","Kyle Tucker","HOU","RF","1129.0","11","3","2","18345"
"2016","Wil Myers","SDP","1B","1294.0","8","8","3","10047"
"2016","Chase Utley","LAD","2B","1064.1","-9","-7","5","1679"
"2015","Carlos Santana","CLE","1B","1157.0","-11","","3","2396"
"2020","Rhys Hoskins","PHI","1B","333.2","-5","-5","4","16472"
"2020","Joey Votto","CIN","1B","406.1","-7","-4","5","4314"
"2020","Christian Yelich","MIL","LF","431.1","-6","-3","0","11477"
"2015","Avisail Garcia","CHW","RF","1124.0","-5","","3","5760"
"2020","Marcus Semien","OAK","SS","451.1","-6","-9","7","12533"
"2016","Yunel Escobar","LAA","3B","1086.2","-14","-11","19","4191"
"2021","Jesus Aguilar","MIA","1B","962.1","3","2","8","11342"
"2015","Angel Pagan","SFG","CF","1061.1","-18","","4","2918"
"2017","Mitch Moreland","BOS","1B","1170.0","9","4","5","3086"
"2016","Charlie Blackmon","COL","CF","1183.0","-1","0","3","7859"
"2017","Danny Valencia","SEA","1B","984.0","1","2","11","6364"
"2021","Jonathan India","CIN","2B","1248.1","0","-7","15","21523"
"2017","Paul Goldschmidt","ARI","1B","1292.0","14","6","4","9218"
"2017","Mike Trout","LAA","CF","948.0","-3","-5","1","10155"
"2017","Hunter Renfroe","SDP","RF","1015.0","0","-1","9","15464"
"2022","Mark Canha","NYM","LF","981.2","-5","-1","0","11445"
"2015","Billy Burns","OAK","CF","1066.0","5","","3","12701"
"2016","Mitch Moreland","TEX","1B","1080.2","10","4","2","3086"
"2018","Brian Dozier","- - -","2B","1253.0","-7","-9","12","9810"
"2021","Paul Goldschmidt","STL","1B","1313.0","9","6","2","9218"
"2021","Ty France","SEA","1B","915.0","5","1","1","17982"
"2016","Carlos Correa","HOU","SS","1355.2","6","-18","14","14162"
"2017","Daniel Murphy","WSN","2B","1196.0","-9","-14","9","4316"
"2017","Jose Abreu","CHW","1B","1197.0","1","3","8","15676"
"2016","Mark Reynolds","COL","1B","907.0","2","1","7","7619"
"2019","Alex Gordon","KCR","LF","1260.0","-3","-6","1","5209"
"2018","Tucker Barnhart","CIN","C","991.0","-6","","2","10200"
"2021","Rafael Devers","BOS","3B","1299.0","-13","-13","22","17350"
"2019","Josh Reddick","HOU","RF","932.0","10","1","4","3892"
"2022","Teoscar Hernandez","TOR","RF","966.2","-3","-5","4","13066"
"2019","Andrew Benintendi","BOS","LF","1130.2","-3","-10","2","17901"
"2019","Adam Eaton","WSN","RF","1164.2","-3","0","6","11205"
"2019","Joey Votto","CIN","1B","1131.2","7","1","7","4314"
"2015","Paul Goldschmidt","ARI","1B","1381.2","14","","5","9218"
"2022","Ryan Mountcastle","BAL","1B","1079.1","1","2","5","18373"
"2017","Matt Joyce","OAK","RF","907.0","-6","0","7","3353"
"2017","Jose Bautista","TOR","RF","1242.2","-4","-8","5","1887"
"2016","Denard Span","SFG","CF","1191.1","-4","-3","1","8347"
"2017","Nick Castellanos","DET","3B","1098.1","-20","-12","18","11737"
"2018","Freddie Freeman","ATL","1B","1415.0","8","3","7","5361"
"2017","Nick Markakis","ATL","RF","1354.0","-1","-3","1","5930"
"2016","Yonder Alonso","OAK","1B","1136.1","-4","3","4","2530"
"2018","Jesus Aguilar","MIL","1B","1052.0","8","-1","4","11342"
"2022","Bryan Reynolds","PIT","CF","1063.0","-14","-7","2","19326"
"2015","Adrian Gonzalez","LAD","1B","1254.1","14","","6","1908"
"2016","Ryan Braun","MIL","LF","1101.2","5","-8","3","3410"
"2015","J.T. Realmuto","MIA","C","1025.1","1","","6","11739"
"2022","C.J. Cron","COL","1B","1028.0","5","0","7","12546"
"2017","Andrew Benintendi","BOS","LF","1078.1","11","-6","5","17901"
"2018","Amed Rosario","NYM","SS","1271.2","-9","-16","16","15518"
"2022","Tommy Pham","- - -","LF","1135.1","0","-6","7","2967"
"2016","Jayson Werth","WSN","LF","1140.0","-7","-6","1","1327"
"2017","Matt Carpenter","STL","1B","949.1","2","-2","7","8090"
"2015","Lucas Duda","NYM","1B","1127.2","3","","3","2502"
"2015","Adam Eaton","CHW","CF","1280.0","-13","","5","11205"
"2022","Jared Walsh","LAA","1B","959.0","-2","0","5","18607"
"2016","Chris Carter","MIL","1B","1338.0","-5","5","11","9911"
"2019","Anthony Rizzo","CHC","1B","1226.2","5","1","5","3473"
"2015","Josh Reddick","OAK","RF","1182.1","-1","","5","3892"
"2015","Joe Mauer","MIN","1B","1188.0","-4","","5","1857"
"2015","Mark Teixeira","NYY","1B","913.2","1","","3","1281"
"2015","Jose Bautista","TOR","RF","1038.2","-3","","3","1887"
"2019","Carlos Santana","CLE","1B","1185.2","-1","1","10","2396"
"2022","Spencer Torkelson","DET","1B","925.0","-3","-1","2","27465"
"2017","Carlos Gonzalez","COL","RF","1064.0","-2","-1","3","7287"
"2016","Anthony Rizzo","CHC","1B","1337.0","13","3","6","3473"
"2018","David Peralta","ARI","LF","1202.2","-1","-1","4","2136"
"2016","Stephen Vogt","OAK","C","921.1","-10","","7","5000"
"2017","Hunter Pence","SFG","RF","1047.1","-2","-4","1","8252"
"2018","Juan Soto","WSN","LF","987.0","-4","-6","2","20123"
"2022","Jose Abreu","CHW","1B","1136.1","1","0","11","15676"
"2015","Pablo Sandoval","BOS","3B","1034.2","-8","","15","5409"
"2019","Brandon Belt","SFG","1B","1155.1","5","0","6","10264"
"2021","Joey Votto","CIN","1B","1042.2","4","0","7","4314"
"2022","Freddie Freeman","LAD","1B","1377.2","-2","3","5","5361"
"2017","Brandon Phillips","- - -","2B","946.0","-4","-13","7","791"
"2017","Bryce Harper","WSN","RF","938.0","6","-6","2","11579"
"2017","Justin Smoak","TOR","1B","1301.1","-4","3","2","9054"
"2017","Dexter Fowler","STL","CF","933.1","-16","-7","1","4062"
"2016","Daniel Murphy","WSN","2B","1016.1","-12","-14","9","4316"
"2019","Kevin Pillar","- - -","CF","1170.0","-10","-3","4","12434"
"2022","Christian Yelich","MIL","LF","1008.2","-2","-4","1","11477"
"2018","Jose Abreu","CHW","1B","999.2","-1","-3","8","15676"
"2015","Adam Lind","MIL","1B","1163.2","8","","4","8027"
"2015","Jose Abreu","CHW","1B","1017.0","-3","","11","15676"
"2018","Yoan Moncada","CHW","2B","1294.1","-10","-18","21","17232"
"2018","Josh Bell","PIT","1B","1181.1","-8","-1","6","13145"
"2021","Eric Hosmer","SDP","1B","1113.1","-4","0","7","3516"
"2016","Stephen Piscotty","STL","RF","1220.1","2","5","4","13367"
"2015","Ryan Braun","MIL","RF","1121.0","-6","","2","3410"
"2022","Matt Olson","ATL","1B","1441.0","6","2","8","14344"
"2021","Jose Abreu","CHW","1B","1153.0","-1","0","5","15676"
"2021","Carlos Santana","KCR","1B","1167.0","1","1","7","2396"
"2017","Yuli Gurriel","HOU","1B","1109.1","1","-2","8","19198"
"2022","Starling Marte","NYM","RF","993.2","4","-2","1","9241"
"2021","Freddie Freeman","ATL","1B","1358.0","2","3","3","5361"
"2019","Tommy Pham","TBR","LF","1093.1","2","-11","0","2967"
"2021","Pete Alonso","NYM","1B","1243.2","5","1","8","19251"
"2016","Hanley Ramirez","BOS","1B","1145.0","-7","0","4","8001"
"2019","Adam Jones","ARI","RF","1037.1","-7","-4","6","6368"
"2022","Anthony Rizzo","NYY","1B","1034.0","-3","-2","5","3473"
"2017","Justin Upton","- - -","LF","1287.2","7","-2","8","5222"
"2019","Rhys Hoskins","PHI","1B","1398.1","3","1","9","16472"
"2018","Yasiel Puig","LAD","RF","964.2","3","-5","8","14225"
"2017","Miguel Cabrera","DET","1B","938.1","-11","-2","1","1744"
"2018","Joey Votto","CIN","1B","1181.0","10","-2","5","4314"
"2015","Logan Morrison","SEA","1B","1104.2","-7","","4","9205"
"2019","Christian Yelich","MIL","RF","1061.0","-4","-5","4","11477"
"2022","Ty France","SEA","1B","1084.1","2","-2","3","17982"
"2015","Jay Bruce","CIN","RF","1319.2","5","","3","9892"
"2018","Justin Bour","- - -","1B","897.1","-4","-5","4","9744"
"2021","Yuli Gurriel","HOU","1B","1222.0","5","0","6","19198"
"2017","Tommy Joseph","PHI","1B","1047.2","-7","-4","8","10349"
"2021","C.J. Cron","COL","1B","1095.0","3","-1","10","12546"
"2015","Eric Hosmer","KCR","1B","1354.2","7","","4","3516"
"2018","Justin Upton","LAA","LF","1200.1","-1","-7","4","5222"
"2017","Joey Votto","CIN","1B","1391.2","18","-1","4","4314"
"2017","Christian Yelich","MIA","CF","1368.2","-11","-1","1","11477"
"2015","Anthony Rizzo","CHC","1B","1430.1","10","","9","3473"
"2020","Josh Reddick","HOU","RF","420.2","-3","-4","2","3892"
"2016","Brandon Belt","SFG","1B","1330.1","5","0","8","10264"
"2016","Paul Goldschmidt","ARI","1B","1389.1","6","1","4","9218"
"2019","Freddie Freeman","ATL","1B","1365.2","-1","-1","6","5361"
"2022","Josh Bell","- - -","1B","1044.1","-1","-4","9","13145"
"2015","Ryan Howard","PHI","1B","957.1","-13","","6","2154"
"2015","Nick Markakis","ATL","RF","1330.1","-4","","1","5930"
"2021","Mitch Haniger","SEA","RF","1080.2","-3","-7","3","14274"
"2021","Matt Olson","OAK","1B","1338.2","6","0","6","14344"
"2015","Bryce Harper","WSN","RF","1203.2","4","","7","11579"
"2017","Domingo Santana","MIL","RF","1211.1","-8","-7","5","10348"
"2021","Andrew McCutchen","PHI","LF","1099.0","-7","-7","4","9847"
"2018","Stephen Piscotty","OAK","RF","1314.2","-6","-3","3","13367"
"2016","Hunter Pence","SFG","RF","908.1","-2","-6","0","8252"
"2019","Kyle Schwarber","CHC","LF","1156.2","-2","-11","6","16478"
"2017","Khris Davis","OAK","LF","993.0","-12","1","1","9112"
"2015","Chris Carter","HOU","1B","913.1","-3","","8","9911"
"2022","Vladimir Guerrero Jr.","TOR","1B","1119.0","3","-4","10","19611"
"2019","Jorge Polanco","MIN","SS","1233.0","-10","-21","22","13152"
"2021","Charlie Blackmon","COL","RF","1144.1","-2","-9","2","7859"
"2015","Joey Votto","CIN","1B","1377.1","7","","9","4314"
"2017","Denard Span","SFG","CF","1039.1","-27","-10","2","8347"
"2016","Andrew McCutchen","PIT","CF","1318.0","-26","-12","3","9847"
"2022","Rowdy Tellez","MIL","1B","1144.0","-6","-4","2","15679"
"2019","Josh Bell","PIT","1B","1160.2","-6","-4","13","13145"
"2018","Ian Desmond","COL","1B","1158.0","-1","-5","6","6885"
"2015","Justin Bour","MIA","1B","899.2","-7","","6","9744"
"2018","Denard Span","- - -","LF","924.0","-1","-5","4","8347"
"2017","Charlie Blackmon","COL","CF","1366.1","-8","-5","4","7859"
"2015","Carlos Beltran","NYY","RF","968.1","-12","","3","589"
"2021","Vladimir Guerrero Jr.","TOR","1B","1143.2","2","-3","8","19611"
"2018","Adam Jones","BAL","CF","906.2","-13","-11","3","6368"
"2017","Logan Morrison","TBR","1B","1077.2","-4","-4","8","9205"
"2018","Paul Goldschmidt","ARI","1B","1365.2","5","-4","6","9218"
"2021","Jared Walsh","LAA","1B","1065.0","-2","-4","5","18607"
"2015","Shin-Soo Choo","TEX","RF","1262.0","-13","","5","3174"
"2015","Melky Cabrera","CHW","LF","1324.2","-2","","5","4022"
"2017","Mark Reynolds","COL","1B","1173.0","-5","-6","6","7619"
"2021","Miguel Sano","MIN","1B","996.0","-5","-6","13","12164"
"2017","Chris Davis","BAL","1B","1093.0","-11","-5","7","9272"
"2016","Brandon Phillips","CIN","2B","1177.0","-15","-16","14","791"
"2021","Bobby Dalbec","BOS","1B","969.1","-7","-6","11","19966"
"2022","Jesse Winker","SEA","LF","972.0","-16","-10","4","13590"
"2021","Nick Castellanos","CIN","RF","1123.0","-7","-8","2","11737"
"2019","Jose Abreu","CHW","1B","1103.2","-3","-7","8","15676"
"2017","Yonder Alonso","- - -","1B","1070.0","-9","-5","10","2530"
"2016","Nick Markakis","ATL","RF","1339.0","10","-3","4","5930"
"2021","Nathaniel Lowe","TEX","1B","1269.1","-3","-3","11","19566"
"2016","Jay Bruce","- - -","RF","1189.2","-7","1","6","9892"
"2016","Melky Cabrera","CHW","LF","1293.0","-5","-12","3","4022"
"2022","Paul Goldschmidt","STL","1B","1103.2","2","-6","1","9218"
"2017","Ryan Zimmerman","WSN","1B","1162.0","-8","-5","12","4220"
"2019","Nick Castellanos","- - -","RF","1171.0","-9","-7","2","11737"
"2016","Adrian Gonzalez","LAD","1B","1295.1","3","-4","2","1908"
"2018","Ryon Healy","SEA","1B","1139.0","-9","-8","8","15447"
"2019","Eloy Jimenez","CHW","LF","967.2","-10","-11","3","17484"
"2018","Andrew McCutchen","- - -","RF","1243.2","-3","-9","2","9847"
"2018","Yonder Alonso","CLE","1B","1168.1","3","-9","10","2530"
"2017","Adam Jones","BAL","CF","1267.0","-13","-9","5","6368"
"2019","Pete Alonso","NYM","1B","1328.0","1","-6","12","19251"
"2022","Pete Alonso","NYM","1B","1141.2","-2","-7","8","19251"
"2019","Eddie Rosario","MIN","LF","1048.0","-8","-17","5","12155"
"2016","Chris Davis","BAL","1B","1327.0","5","-4","10","9272"
"2016","Justin Upton","DET","LF","1258.0","-1","-5","4","5222"
"2017","Eric Hosmer","KCR","1B","1338.0","-5","-5","4","3516"
"2022","Rhys Hoskins","PHI","1B","1298.1","3","-6","12","16472"
"2017","Wil Myers","SDP","1B","1333.0","2","-6","8","10047"
"2017","Josh Bell","PIT","1B","1186.1","-5","-7","10","13145"
"2018","Charlie Blackmon","COL","CF","1322.1","-26","-10","1","7859"
"2022","Yuli Gurriel","HOU","1B","1226.1","-2","-9","4","19198"
"2016","Jose Abreu","CHW","1B","1355.2","-1","-6","10","15676"
"2022","Kyle Schwarber","PHI","LF","1167.0","-14","-13","1","16478"
"2018","Eric Hosmer","SDP","1B","1378.0","2","-10","4","3516"
"2022","Nick Castellanos","PHI","RF","1009.1","-8","-11","0","11737"
"2022","Juan Soto","- - -","RF","1298.1","-2","-12","3","20123"
"2017","J.D. Martinez","- - -","RF","945.2","-8","-7","4","6184"
"2019","Eric Hosmer","SDP","1B","1356.0","-6","-11","14","3516"
"2015","Matt Kemp","SDP","RF","1282.0","-16","","8","5631"
"2022","Nathaniel Lowe","TEX","1B","1327.1","-9","-11","9","19566"
"2016","Eric Hosmer","KCR","1B","1351.0","-2","-9","6","3516"
"2016","J.D. Martinez","DET","RF","1027.1","-22","-12","6","6184"
"2016","Joey Votto","CIN","1B","1342.0","-12","-9","8","4314"
"2015","Pedro Alvarez","PIT","1B","906.1","-14","","23","2495"
"2019","Charlie Blackmon","COL","RF","1178.0","-8","-10","4","7859"
"2018","Rhys Hoskins","PHI","LF","1172.1","-19","-18","6","16472"
"2018","Nick Castellanos","DET","RF","1234.1","-19","-22","3","11737"
