Season,Name,Team,wRC+,WAR,BsR,playerid
2020,Juan Soto,WSN,202,2.6,-0.5,20123
2015,Bryce Harper,WSN,197,9.3,3.6,11579
2022,Aaron Judge,NYY,207,11.4,2.1,15640
2020,Freddie Freeman,ATL,186,3.2,-0.3,5361
2018,Mookie Betts,BOS,185,10.5,6.9,13611
2018,Mike Trout,LAA,188,9.5,5,10155
2020,Marcell Ozuna,ATL,178,2.5,-0.2,10324
2019,Christian Yelich,MIL,174,7.2,8.5,11477
2017,Mike Trout,LAA,180,6.4,4,10155
2019,Mike Trout,LAA,177,8.4,7.1,10155
2021,Bryce Harper,PHI,170,6.6,-2.5,11579
2017,Aaron Judge,NYY,174,8.7,0,15640
2020,DJ LeMahieu,NYY,177,2.4,0.7,9874
2017,Joey Votto,CIN,163,6.1,-9.6,4314
2018,J.D. Martinez,BOS,170,5.7,-4.1,6184
2015,Joey Votto,CIN,174,7.3,-1.1,4314
2022,Yordan Alvarez,HOU,185,6.6,-0.6,19556
2018,Christian Yelich,MIL,167,7.7,5.8,11477
2021,Juan Soto,WSN,163,7,-3.3,20123
2022,Paul Goldschmidt,STL,177,7.1,3,9218
2016,David Ortiz,BOS,163,4.5,-9.8,745
2021,Vladimir Guerrero Jr.,TOR,166,6.3,-2.1,19611
2019,Alex Bregman,HOU,167,8.1,-2.1,17678
2016,Mike Trout,LAA,170,8.6,9.6,10155
2015,Paul Goldschmidt,ARI,163,7.2,3,9218
2019,Nelson Cruz,MIN,164,4.3,-4.5,2434
2019,Cody Bellinger,LAD,161,7.7,1.4,15998
2015,Mike Trout,LAA,171,9.3,3,10155
2020,Jose Ramirez,CLE,167,3.2,1.9,13510
2017,Charlie Blackmon,COL,142,5.4,2,7859
2015,Miguel Cabrera,DET,165,4.6,-4.7,1744
2016,Joey Votto,CIN,158,4.8,-3,4314
2020,Ronald Acuna Jr.,ATL,158,2.4,2.2,18401
2019,Anthony Rendon,WSN,155,6.8,0.4,12861
2020,Trea Turner,WSN,159,2.7,2.4,16252
2020,Dominic Smith,NYM,166,1.4,0.6,15653
2020,Nelson Cruz,MIN,166,2,-0.7,2434
2020,Jose Abreu,CHW,164,2.9,-1,15676
2017,Giancarlo Stanton,MIA,158,6.7,-2.3,4949
2016,Daniel Murphy,WSN,154,5,3.2,4316
2020,Mike Trout,LAA,160,2.5,1.3,10155
2017,Freddie Freeman,ATL,149,4.6,0.8,5361
2020,Mike Yastrzemski,SFG,158,2,0.8,14854
2017,Jose Altuve,HOU,160,7.5,4,5417
2019,Ketel Marte,ARI,150,6.2,4.2,13613
2016,Josh Donaldson,TOR,157,6.9,0,5038
2021,Fernando Tatis Jr.,SDP,157,7.3,9.3,19709
2016,Freddie Freeman,ATL,152,6.6,0.9,5361
2020,Michael Conforto,NYM,158,2,-0.2,16376
2019,George Springer,HOU,155,6.3,0.9,12856
2017,Paul Goldschmidt,ARI,142,5.5,3.3,9218
2020,Bryce Harper,PHI,150,1.9,-0.6,11579
2020,Wil Myers,SDP,155,2,1.4,10047
2017,Justin Turner,LAD,151,5.9,2.1,5235
2017,Kris Bryant,CHC,147,7,4.8,15429
2016,Miguel Cabrera,DET,153,5.1,-9.6,1744
2017,Tommy Pham,STL,149,6.3,5.3,2967
2015,Josh Donaldson,TOR,154,8.7,4,5038
2022,Jose Altuve,HOU,164,6.6,-1.5,5417
2017,Jose Ramirez,CLE,146,6.7,0,13510
2016,Kris Bryant,CHC,148,7.9,7.1,15429
2015,Nelson Cruz,SEA,158,5,-2.7,2434
2018,Alex Bregman,HOU,157,8,3.4,17678
2020,Anthony Rendon,LAA,152,2.5,0,12861
2017,Nolan Arenado,COL,130,6.1,0.5,9777
2017,Anthony Rendon,WSN,141,5.9,1.5,12861
2019,Juan Soto,WSN,143,5.7,-0.5,20123
2016,Charlie Blackmon,COL,132,4.3,2.9,7859
2020,Corey Seager,LAD,149,2.1,-1.8,13624
2021,Shohei Ohtani,LAA,151,5,2.5,19755
2020,Luke Voit,NYY,153,1.5,0.1,14811
2022,Freddie Freeman,LAD,157,7.1,5.4,5361
2020,Fernando Tatis Jr.,SDP,151,3.3,1.4,19709
2017,Zack Cozart,CIN,139,4.3,-1.5,2616
2019,Nolan Arenado,COL,130,6.5,2.5,9777
2015,Edwin Encarnacion,TOR,150,4.5,-1.8,2151
2016,DJ LeMahieu,COL,130,4.7,0.1,9874
2020,Manny Machado,SDP,150,2.6,-1.7,11493
2018,Jose Ramirez,CLE,147,8.1,12,13510
2021,Joey Votto,CIN,139,3.6,0.4,4314
2021,Nick Castellanos,CIN,139,3.5,-0.5,11737
2016,Anthony Rizzo,CHC,145,4.9,-2.7,3473
2018,Nolan Arenado,COL,133,6.2,0,9777
2016,Jose Altuve,HOU,152,6.7,0.4,5417
2018,Paul Goldschmidt,ARI,145,5.1,2.5,9218
2019,Anthony Rizzo,CHC,140,3.8,-5.4,3473
2015,Chris Davis,BAL,149,5.4,-0.7,9272
2020,Mookie Betts,LAD,147,2.8,3.3,13611
2019,Xander Bogaerts,BOS,141,5.9,1,12161
2015,Jose Bautista,TOR,148,5.2,2,1887
2017,Marcell Ozuna,MIA,143,5.7,-5.2,10324
2017,Ryan Zimmerman,WSN,137,3.5,1.9,4220
2019,Charlie Blackmon,COL,127,1.7,-4.5,7859
2019,Freddie Freeman,ATL,137,4.4,-0.1,5361
2021,Aaron Judge,NYY,149,5.5,-0.1,15640
2020,Paul Goldschmidt,STL,147,2.3,1.1,9218
2020,Brandon Nimmo,NYM,149,1.7,0,12927
2021,Trea Turner,- - -,142,6.8,5,16252
2019,J.D. Martinez,BOS,139,3.5,-4.6,6184
2016,Nolan Arenado,COL,126,5.9,-0.9,9777
2018,Brandon Nimmo,NYM,148,4.8,1.9,12927
2021,Bryan Reynolds,PIT,141,6.1,3,19326
2017,Nelson Cruz,SEA,146,3.8,-3.9,2434
2020,Brandon Lowe,TBR,151,2.3,2.9,18882
2017,Daniel Murphy,WSN,135,3.8,-2,4316
2019,Jeff McNeil,NYM,144,4.8,-2.9,15362
2019,Pete Alonso,NYM,144,4.4,-2.2,19251
2020,Teoscar Hernandez,TOR,142,1.5,1,13066
2015,Anthony Rizzo,CHC,145,5.2,1.9,3473
2018,Trevor Story,COL,128,4.6,1.8,12564
2021,Tyler O'Neill,STL,144,5.6,4.7,15711
2016,J.D. Martinez,DET,143,2.2,-3.5,6184
2016,Nelson Cruz,SEA,148,4.5,-3.2,2434
2021,C.J. Cron,COL,126,2.2,-3.2,12546
2018,Anthony Rendon,WSN,140,5.9,5.1,12861
2021,Kyle Tucker,HOU,145,4.6,2.4,18345
2016,Paul Goldschmidt,ARI,133,4.6,5.2,9218
2017,Marwin Gonzalez,HOU,144,4.6,0.5,5497
2022,Manny Machado,SDP,152,7.4,3,11493
2022,Nolan Arenado,STL,151,7.3,-1.6,9777
2019,Eugenio Suarez,CIN,130,4.2,-6.2,12552
2019,Mookie Betts,BOS,135,6.4,5.6,13611
2015,Andrew McCutchen,PIT,144,6,-1.1,9847
2019,Trevor Story,COL,122,6.3,5.9,12564
2017,Cody Bellinger,LAD,138,3.9,2,15998
2015,David Peralta,ARI,137,3.9,3.5,2136
2017,Anthony Rizzo,CHC,134,4.3,-4.2,3473
2019,Carlos Santana,CLE,138,4.8,1.5,2396
2019,Austin Meadows,TBR,144,4.5,-1,15672
2021,Austin Riley,ATL,136,4.7,-4.1,18360
2019,Kris Bryant,CHC,134,4.7,3.8,15429
2019,Yoan Moncada,CHW,139,5.5,3.5,17232
2016,Mookie Betts,BOS,136,8.2,10.6,13611
2021,Freddie Freeman,ATL,135,4.8,3.3,5361
2020,George Springer,HOU,143,1.8,1.3,12856
2021,Max Muncy,LAD,139,4.8,2.1,13301
2015,David Ortiz,BOS,139,2.9,-5.3,745
2021,Matt Olson,OAK,147,5.1,0,14344
2019,Josh Bell,PIT,135,2.9,-5,13145
2019,Jorge Soler,KCR,136,3.7,-0.7,14221
2017,Justin Upton,- - -,137,4.4,4.1,5222
2018,Freddie Freeman,ATL,136,4.8,1.3,5361
2016,Ryan Braun,MIL,134,3.4,-0.6,3410
2019,Josh Donaldson,ATL,131,5.2,-3,5038
2017,Jose Abreu,CHW,139,4.4,-2,15676
2021,Brandon Crawford,SFG,138,6.3,0.4,5343
2019,Rafael Devers,BOS,132,6.7,2.3,17350
2022,Austin Riley,ATL,142,5.5,-1.7,18360
2018,Manny Machado,- - -,141,7,1.2,11493
2018,Eugenio Suarez,CIN,135,4.3,-4.1,12552
2020,Tim Anderson,CHW,140,2.4,0.8,15172
2017,Eric Hosmer,KCR,135,3.8,1.9,3516
2017,George Springer,HOU,140,4.6,-2.2,12856
2022,Juan Soto,- - -,145,3.8,-2.4,20123
2018,Bryce Harper,WSN,135,3.1,0.4,11579
2018,Matt Carpenter,STL,140,4.6,1.3,8090
2017,Avisail Garcia,CHW,138,4.6,1.9,5760
2016,Matt Carpenter,STL,136,3.7,-3.1,8090
2019,DJ LeMahieu,NYY,136,5.8,-0.8,9874
2019,Jose Altuve,HOU,137,4.3,-5,5417
2018,Jesus Aguilar,MIL,135,3.1,-3.6,11342
2016,Brandon Belt,SFG,136,3.7,-3,10264
2021,Paul Goldschmidt,STL,137,5,2.3,9218
2022,Mookie Betts,LAD,144,6.6,4.3,13611
2016,Edwin Encarnacion,TOR,136,3.5,-2.3,2151
2020,Jeimer Candelario,DET,140,1.9,0.8,13621
2020,Eloy Jimenez,CHW,138,1.6,0.5,17484
2021,Rafael Devers,BOS,133,4.2,0.1,17350
2017,Edwin Encarnacion,CLE,130,2.4,-8.3,2151
2018,Xander Bogaerts,BOS,133,4.4,-1.7,12161
2019,Trey Mancini,BAL,132,3.4,-2.1,15149
2022,Rafael Devers,BOS,140,4.9,-1.2,17350
2019,Marcus Semien,OAK,138,6.5,1.7,12533
2019,Max Muncy,LAD,133,4.8,4.8,13301
2015,Matt Carpenter,STL,140,5.3,1.3,8090
2015,J.D. Martinez,DET,136,5.2,-2.4,6184
2016,Corey Seager,LAD,136,5.1,2.4,13624
2020,Lourdes Gurriel Jr.,TOR,134,1,-2.2,19238
2021,Jose Ramirez,CLE,138,6.5,6.3,13510
2017,Domingo Santana,MIL,127,3.4,3.2,10348
2021,Cedric Mullins II,BAL,136,6,4.8,17929
2016,Adrian Beltre,TEX,127,5.5,-1.1,639
2016,Jean Segura,ARI,126,6.2,5,5933
2015,Nolan Arenado,COL,121,4.5,-1.1,9777
2017,Justin Smoak,TOR,133,3.5,-3.1,9054
2019,Bryan Reynolds,PIT,130,3.4,0.7,19326
2015,A.J. Pollock,ARI,131,6.8,6.7,9256
2015,Kris Bryant,CHC,136,6.1,6.9,15429
2015,Manny Machado,BAL,135,6.6,1.2,11493
2016,Robinson Cano,SEA,139,6.8,-2,3269
2020,Trevor Story,COL,117,2.1,4,12564
2019,Justin Turner,LAD,131,4.1,-1.1,5235
2016,Brian Dozier,MIN,132,6.7,5.4,9810
2016,Carlos Santana,CLE,130,3.2,-1.1,2396
2018,Joey Votto,CIN,130,2.9,-3.8,4314
2022,Shohei Ohtani,LAA,142,3.8,0.3,19755
2021,Giancarlo Stanton,NYY,137,2.4,-7,4949
2021,Yordan Alvarez,HOU,137,3.7,0.5,19556
2018,Matt Chapman,OAK,139,6.3,2.6,16505
2016,Yoenis Cespedes,NYM,136,3.4,-0.5,13110
2021,Teoscar Hernandez,TOR,132,4.3,2.3,13066
2020,Ian Happ,CHC,132,2,0.2,17919
2019,Ronald Acuna Jr.,ATL,125,5.4,8.1,18401
2017,Eric Thames,MIL,125,2.3,-1.6,3711
2018,Francisco Lindor,CLE,132,7.8,1.2,12916
2018,David Peralta,ARI,130,3.4,0.3,2136
2022,Nathaniel Lowe,TEX,143,3,-3.9,19566
2021,Xander Bogaerts,BOS,130,4.4,1.2,12161
2019,Matt Olson,OAK,135,4.1,-0.5,14344
2015,Michael Brantley,CLE,133,3.5,1.5,4106
2020,Xander Bogaerts,BOS,129,1.6,2.7,12161
2018,Charlie Blackmon,COL,117,2.2,1.4,7859
2021,Marcus Semien,TOR,131,6.2,4,12533
2017,Gary Sanchez,NYY,131,4.3,-1.4,11442
2016,Christian Yelich,MIA,134,5.7,2.3,11477
2016,Hanley Ramirez,BOS,127,3,-0.9,8001
2015,Yoenis Cespedes,- - -,135,5.8,3.8,13110
2016,Dexter Fowler,CHC,129,4.1,6.1,4062
2019,Michael Brantley,HOU,132,3.9,0,4106
2018,Mitch Haniger,SEA,137,4.8,0.1,14274
2018,Javier Baez,CHC,131,6.1,3.9,12979
2022,Julio Rodriguez,SEA,146,5.3,4.3,23697
2016,Manny Machado,BAL,131,6.2,0.1,11493
2022,Yandy Diaz,TBR,146,3.8,-5.3,16578
2015,Ryan Braun,MIL,131,3.2,1.8,3410
2022,Pete Alonso,NYM,143,4,-2.5,19251
2017,Yonder Alonso,- - -,133,2.3,-2.5,2530
2017,Buster Posey,SFG,128,4.9,-1.8,9166
2019,Bryce Harper,PHI,124,4,-0.6,11579
2021,Mookie Betts,LAD,130,3.8,-1.2,13611
2018,Khris Davis,OAK,136,2.7,-4.8,9112
2022,Jeff McNeil,NYM,143,5.9,2,15362
2015,Shin-Soo Choo,TEX,128,3.4,2,3174
2021,Starling Marte,- - -,134,5.5,12.3,9241
2019,Yuli Gurriel,HOU,131,3.9,-2.6,19198
2022,Andres Gimenez,CLE,140,6.1,3.4,19950
2020,A.J. Pollock,LAD,130,0.9,-2,9256
2021,J.D. Martinez,BOS,127,2.8,-3.1,6184
2017,Corey Seager,LAD,127,5.4,3.4,13624
2015,Kendrys Morales,KCR,131,2.1,-7.9,8610
2017,Joey Gallo,TEX,119,2.8,4.6,14128
2021,Carlos Correa,HOU,133,6.2,-0.6,14162
2015,Carlos Gonzalez,COL,116,2.8,1.5,7287
2020,Chris Taylor,LAD,129,1.6,-0.9,13757
2018,Jose Altuve,HOU,135,5.8,4.7,5417
2021,Brandon Lowe,TBR,137,4.9,4.9,18882
2018,Rhys Hoskins,PHI,128,2.4,2.1,16472
2015,Buster Posey,SFG,135,6.8,-1.7,9166
2021,Yuli Gurriel,HOU,132,3.3,-1.6,19198
2019,Tim Anderson,CHW,128,4.5,1.7,15172
2022,Xander Bogaerts,BOS,134,6.1,4.7,12161
2018,Nick Castellanos,DET,129,2.2,3.2,11737
2016,Kyle Seager,SEA,134,6.1,-2.1,9785
2022,Jose Ramirez,CLE,139,6.2,6,13510
2017,Logan Morrison,TBR,131,2.9,0,9205
2021,Jonathan India,CIN,120,3,-0.9,21523
2021,Pete Alonso,NYM,133,3.3,-5.1,19251
2020,Kole Calhoun,ARI,125,1.5,0.5,11200
2022,Carlos Correa,MIN,140,4.4,-6,14162
2020,Michael Brantley,HOU,131,1.1,-1.6,4106
2022,Taylor Ward,LAA,137,3.8,0.7,17548
2020,Alex Verdugo,BOS,125,1.9,1.1,17027
2017,Brian Dozier,MIN,126,6.2,3.7,9810
2019,Joc Pederson,LAD,126,2.7,0.1,11899
2018,Scooter Gennett,CIN,125,3.8,0.1,10339
2016,Jonathan Lucroy,- - -,123,4.6,-0.5,7870
2016,Wilson Ramos,WSN,123,3.6,-6.7,1433
2016,Carlos Gonzalez,COL,110,2.1,-1.6,7287
2022,Jose Abreu,CHW,137,3.9,-1.7,15676
2017,Chris Taylor,LAD,126,4.6,6.7,13757
2015,Jose Abreu,CHW,131,3.3,-1.2,15676
2017,Khris Davis,OAK,130,2.9,-1.3,9112
2015,Alex Rodriguez,NYY,129,2.7,-0.8,1274
2018,Miguel Andujar,NYY,129,3.7,1,15878
2017,Travis Shaw,MIL,120,4.7,-1.8,11982
2018,Nelson Cruz,SEA,133,2.5,-4.7,2434
2019,Yasmani Grandal,MIL,121,5.3,-5.1,11368
2020,J.T. Realmuto,PHI,124,1.6,2,11739
2017,Matt Carpenter,STL,124,3.1,0.4,8090
2015,Prince Fielder,TEX,125,2,-5.2,4613
2015,Lorenzo Cain,KCR,128,6.1,6.3,9077
2017,Andrew McCutchen,PIT,122,3.9,1.1,9847
2016,Ben Zobrist,CHC,124,3.3,1.8,7435
2019,Hunter Dozier,KCR,123,2.8,-2.1,15117
2018,Aaron Hicks,NYY,129,4.3,7,5297
2019,Luke Voit,NYY,126,1.5,-3.8,14811
2018,Giancarlo Stanton,NYY,128,4.2,-0.1,4949
2020,Jeff McNeil,NYM,131,1.2,-2.5,15362
2021,Salvador Perez,KCR,126,3.3,-0.8,7304
2018,Lorenzo Cain,MIL,125,6,6.4,9077
2015,Brandon Belt,SFG,132,3.9,1.6,10264
2018,Michael Brantley,CLE,125,3.7,1.4,4106
2018,Anthony Rizzo,CHC,126,3.2,-5.8,3473
2015,Lucas Duda,NYM,132,3.2,0,2502
2018,Tommy Pham,- - -,130,3.7,2.2,2967
2019,Gleyber Torres,NYY,125,3.6,-0.5,16997
2021,Justin Turner,LAD,126,4.2,-1,5235
2019,Michael Conforto,NYM,127,4.4,1.4,16376
2016,Carlos Beltran,- - -,122,2.3,-3.1,589
2016,Mark Trumbo,BAL,125,1.7,-1.4,6876
2016,Dustin Pedroia,BOS,121,3.6,-4.3,8370
2022,Alex Bregman,HOU,136,5.5,-3,17678
2017,Mark Reynolds,COL,105,0.8,-2.7,7619
2019,Nick Castellanos,- - -,122,2.5,-0.5,11737
2018,Andrew Benintendi,BOS,123,4.9,4.3,17901
2017,Josh Reddick,HOU,127,3.7,3.3,3892
2021,Jared Walsh,LAA,126,2.3,-1.1,18607
2020,Donovan Solano,SFG,125,0.9,0.4,8623
2019,Kyle Schwarber,CHC,119,2,-2.3,16478
2021,Jose Altuve,HOU,128,5.3,2.5,5417
2015,Curtis Granderson,NYM,131,5.3,2.5,4747
2016,Ian Kinsler,DET,124,5.9,3.9,6195
2017,Eugenio Suarez,CIN,116,3.9,-1.4,12552
2021,Kris Bryant,- - -,124,3.1,5.4,15429
2018,Jose Martinez,STL,127,2.2,-1.6,7996
2019,Trea Turner,WSN,118,4.2,6.5,16252
2020,Jake Cronenworth,SDP,126,1.6,-1,18036
2016,Jonathan Villar,MIL,120,3.1,3.5,10071
2018,Shin-Soo Choo,TEX,117,2,0.4,3174
2020,Cavan Biggio,TOR,122,1.2,0.8,19252
2020,Tommy La Stella,- - -,128,1.1,-2.2,12371
2019,Max Kepler,MIN,122,3.8,-1.8,12144
2015,Jason Kipnis,CLE,124,4.5,3.1,9776
2017,Jonathan Schoop,BAL,120,4.5,-2.1,11265
2022,Starling Marte,NYM,136,3,-0.2,9241
2016,Jose Ramirez,CLE,119,5.3,8.6,13510
2018,Ben Zobrist,CHC,123,3.2,0.5,7435
2022,Kyle Schwarber,PHI,128,2.6,-0.8,16478
2015,Eric Hosmer,KCR,124,3.5,3.1,3516
2016,Jose Bautista,TOR,123,1.7,-5.3,1887
2019,Matt Chapman,OAK,125,5.7,0.9,16505
2015,Adrian Gonzalez,LAD,129,3,-5.8,1908
2016,Jackie Bradley Jr.,BOS,118,5.6,5.1,12984
2019,Ryan Braun,MIL,117,2,-0.7,3410
2022,J.T. Realmuto,PHI,128,6.5,6.6,11739
2021,Jose Abreu,CHW,125,2.7,-4.5,15676
2021,Bo Bichette,TOR,122,5.1,6.9,19612
2019,Ozzie Albies,ATL,116,4.2,4.8,16556
2015,Mike Moustakas,KCR,123,3.8,-5.6,4892
2019,Shin-Soo Choo,TEX,112,1.1,3.8,3174
2018,Gregory Polanco,PIT,123,2.6,-1,12907
2018,J.T. Realmuto,MIA,127,4.8,4.8,11739
2021,Ty France,SEA,130,3.1,-2.7,17982
2016,Justin Turner,LAD,123,4.4,0.2,5235
2016,George Springer,HOU,126,4.6,-0.3,12856
2019,Starling Marte,PIT,118,3.6,3.4,9241
2017,Jake Lamb,ARI,111,2.8,0.8,13329
2022,Brandon Nimmo,NYM,134,5.4,-0.3,12927
2017,Francisco Lindor,CLE,116,6.1,4.7,12916
2021,Josh Donaldson,MIN,126,3,-4.3,5038
2019,Jorge Polanco,MIN,120,3.3,3.1,13152
2016,Jake Lamb,ARI,114,3.7,4.4,13329
2022,Anthony Rizzo,NYY,132,2.4,-3.6,3473
2020,Jackie Bradley Jr.,BOS,118,1.7,1.3,12984
2022,George Springer,TOR,132,4.2,4.6,12856
2021,Josh Bell,WSN,119,2,-6,13145
2018,Yasmani Grandal,LAD,125,4.6,-6.1,11368
2019,Danny Santana,TEX,111,2.4,4.6,10322
2022,Vladimir Guerrero Jr.,TOR,132,2.8,-6,19611
2015,Mookie Betts,BOS,120,4.8,7.9,13611
2020,Mark Canha,OAK,129,1.6,2.2,11445
2020,Aaron Hicks,NYY,124,1.2,2.6,5297
2016,Starling Marte,PIT,120,3.8,6.8,9241
2017,Alex Bregman,HOU,123,4.4,0.3,17678
2018,Stephen Piscotty,OAK,126,2.8,-1.2,13367
2016,Victor Martinez,DET,120,1,-10.1,393
2018,Travis Shaw,MIL,119,3.8,0.6,11982
2020,Robbie Grossman,OAK,128,1.6,2,5254
2015,Adam Lind,MIL,120,2,-3.3,8027
2017,Carlos Santana,CLE,115,3.1,0.8,2396
2018,Didi Gregorius,NYY,122,3.4,2.3,6012
2017,Jay Bruce,- - -,118,2.5,-2.1,9892
2020,David Fletcher,LAA,121,1.3,-0.7,17992
2016,Evan Longoria,TBR,123,4.2,0.1,9368
2021,Manny Machado,SDP,122,4.3,-2.1,11493
2022,Trea Turner,LAD,128,6.3,6.5,16252
2021,Randy Arozarena,TBR,128,3.8,1.5,19290
2015,Logan Forsythe,TBR,125,4.1,-1.5,7185
2022,Brandon Drury,- - -,123,3,-3.6,11615
2022,Luis Arraez,MIN,131,3.2,-0.2,18568
2015,Ben Zobrist,- - -,122,3,-0.7,7435
2017,Eddie Rosario,MIN,117,2.7,-0.5,12155
2020,Trent Grisham,SDP,122,2.2,-0.2,18564
2020,Kyle Lewis,SEA,127,1.9,1.7,19508
2018,Whit Merrifield,KCR,119,4.9,7.4,11281
2019,Francisco Lindor,CLE,118,5.8,-2,12916
2017,Trey Mancini,BAL,116,1.5,-0.3,15149
2021,Willy Adames,- - -,120,3.3,0.2,15986
2021,Jorge Polanco,MIN,124,4.2,3.1,13152
2016,Khris Davis,OAK,122,2.8,-3.1,9112
2016,Carlos Correa,HOU,123,3.9,3.8,14162
2018,Justin Smoak,TOR,120,2.3,-7.3,9054
2017,Joe Mauer,MIN,117,2.4,-6.3,1857
2022,Bryan Reynolds,PIT,125,2.9,-2.1,19326
2019,Tommy Pham,TBR,123,3.1,0.6,2967
2016,Jose Abreu,CHW,121,1.9,-5.5,15676
2022,Will Smith,LAD,127,3.9,-3.6,19197
2020,Kyle Tucker,HOU,122,1.7,3.2,18345
2017,Yasiel Puig,LAD,117,2.1,-7.6,14225
2021,Joey Gallo,- - -,122,4.2,4.2,14128
2020,Dansby Swanson,ATL,115,2.3,4.2,18314
2019,Mike Moustakas,MIL,113,2.8,-2.2,4892
2020,Adam Duvall,ATL,115,0.8,0.6,10950
2015,Yunel Escobar,WSN,120,2.3,-6.4,4191
2017,Steven Souza Jr.,TBR,121,4.3,3.6,5667
2018,Justin Upton,LAA,121,2.6,-0.1,5222
2018,Matt Kemp,LAD,122,1.7,-4.2,5631
2017,Christian Yelich,MIA,117,3.5,6.8,11477
2015,Mitch Moreland,TEX,117,2.2,0.7,3086
2022,Teoscar Hernandez,TOR,129,2.4,-2.5,13066
2020,Brian Anderson,MIA,120,1.7,0.6,18289
2020,Didi Gregorius,PHI,116,0.8,0.4,6012
2016,Xander Bogaerts,BOS,114,3.9,6,12161
2022,Kyle Tucker,HOU,129,4.7,4,18345
2016,Michael Saunders,TOR,119,2.1,-0.9,9981
2022,Bo Bichette,TOR,129,4.5,-2.7,19612
2020,Joey Votto,CIN,110,0.4,-1.7,4314
2018,Jed Lowrie,OAK,124,5.3,0.2,4418
2020,Wilmer Flores,SFG,119,1,-0.2,5827
2020,Jesus Aguilar,MIA,119,0.1,-1.6,11342
2015,Jose Altuve,HOU,124,4.4,-4,5417
2016,Jason Kipnis,CLE,114,3.9,0.8,9776
2022,Alejandro Kirk,TOR,129,3.8,-7.1,22581
2018,Andrew McCutchen,- - -,121,1.9,-5,9847
2021,Yoan Moncada,CHW,120,4,0.3,17232
2019,Javier Baez,CHC,112,5.8,1.2,12979
2017,Jed Lowrie,OAK,120,4,-1.3,4418
2018,C.J. Cron,TBR,124,2.2,-2,12546
2020,Willy Adames,TBR,126,1.3,2,15986
2019,Rhys Hoskins,PHI,112,2,-2.7,16472
2020,Renato Nunez,BAL,118,0.2,-1.5,14503
2017,Lorenzo Cain,KCR,115,4.7,3.5,9077
2022,Hunter Renfroe,MIL,124,2.5,-1.6,15464
2021,Michael Brantley,HOU,121,2.3,-1.2,4106
2015,Carlos Beltran,NYY,119,1.8,0.3,589
2015,Adam Eaton,CHW,121,3.9,5.8,11205
2018,Johan Camargo,ATL,115,3,-2.8,14950
2018,Edwin Encarnacion,CLE,116,0.9,-5.3,2151
2021,Nelson Cruz,- - -,123,2,-1.9,2434
2022,Christian Walker,ARI,122,4.1,-0.3,13419
2016,Chris Carter,MIL,113,1.9,-4.3,9911
2018,Eduardo Escobar,- - -,117,3.5,-1.4,6153
2017,Cesar Hernandez,PHI,111,2.8,0.8,10556
2021,Avisail Garcia,MIL,116,2.8,-0.5,5760
2019,Paul Goldschmidt,STL,117,3.4,3.2,9218
2015,Jason Heyward,STL,121,5.6,7.2,4940
2019,Christian Walker,ARI,111,3.2,2.6,13419
2020,Christian Vazquez,BOS,114,1.4,-2.7,9774
2016,Asdrubal Cabrera,NYM,120,3.5,-3.8,4962
2016,Stephen Piscotty,STL,116,2,-3.6,13367
2022,Rhys Hoskins,PHI,122,2.2,-3.4,16472
2018,Cody Bellinger,LAD,120,3.5,4.1,15998
2015,Charlie Blackmon,COL,103,2.5,3.2,7859
2021,Tim Anderson,CHW,119,4.7,6.1,15172
2016,Yasmany Tomas,ARI,109,-0.6,-5.6,17171
2017,Mike Moustakas,KCR,113,2.2,-5.4,4892
2018,Nick Markakis,ATL,114,2.5,-3.4,5930
2017,Yuli Gurriel,HOU,118,2.2,0.8,19198
2016,Elvis Andrus,TEX,109,3.2,2,8709
2021,Jeimer Candelario,DET,120,3.9,1,13621
2019,Brett Gardner,NYY,115,3.3,4.6,9927
2022,Eugenio Suarez,SEA,131,4.1,-2.5,12552
2019,Jose Abreu,CHW,115,1.6,-5.3,15676
2021,Javier Baez,- - -,117,4,3,12979
2021,Hunter Renfroe,BOS,113,2,-2.6,15464
2022,Matt Olson,ATL,120,3.1,-0.8,14344
2016,Adam Eaton,CHW,117,6.6,4.5,11205
2017,Elvis Andrus,TEX,105,4.4,4.4,8709
2022,Josh Bell,- - -,123,2,-5.6,13145
2022,Mark Canha,NYM,128,2.8,-1,11445
2019,Eloy Jimenez,CHW,115,1.4,1.8,17484
2016,Bryce Harper,WSN,111,2.8,2.2,11579
2018,Joey Gallo,TEX,108,3.1,2.8,14128
2022,J.D. Martinez,BOS,119,1,-7.3,6184
2015,Christian Yelich,MIA,120,2.4,2,11477
2020,Christian Yelich,MIL,114,0.7,-1.2,11477
2022,Justin Turner,LAD,123,2.4,-3.1,5235
2018,Kyle Schwarber,CHC,115,2.5,1.1,16478
2017,Matt Joyce,OAK,117,2.5,1.7,3353
2016,Mike Napoli,CLE,111,1,-5.4,3057
2016,Anthony Rendon,WSN,110,3.5,3.2,12861
2016,Melky Cabrera,CHW,116,1.8,-3.6,4022
2018,Michael Conforto,NYM,119,3.7,0.1,16376
2015,Todd Frazier,CIN,116,4.3,-0.5,785
2019,Brian Anderson,MIA,114,2.7,-0.3,18289
2020,Pete Alonso,NYM,120,0.2,-2,19251
2017,David Peralta,ARI,104,2,1.2,2136
2022,Andrew Benintendi,- - -,122,2.8,0.6,17901
2016,Danny Valencia,OAK,117,1.7,-1.6,6364
2022,Francisco Lindor,NYM,127,6.8,3.3,12916
2016,Yadier Molina,STL,114,3.6,-7.5,7007
2017,DJ LeMahieu,COL,94,3.3,-4.5,9874
2019,Adam Eaton,WSN,108,2.3,3.5,11205
2022,Steven Kwan,CLE,124,4.4,4.9,24610
2016,Wil Myers,SDP,114,3.4,7.6,10047
2019,Eduardo Escobar,ARI,108,2.9,2.9,6153
2018,Jurickson Profar,TEX,107,1.9,4,10815
2016,Buster Posey,SFG,114,6.6,-3.3,9166
2017,Corey Dickerson,TBR,116,2.5,-0.1,10762
2017,Nick Castellanos,DET,111,1.5,-2.1,11737
2020,Kevin Pillar,- - -,105,1,1.9,12434
2021,Trevor Story,COL,98,2.8,6.4,12564
2021,Jake Cronenworth,SDP,116,4.1,2.1,18036
2020,Franmil Reyes,CLE,116,0.7,-1.9,14566
2015,Francisco Cervelli,PIT,117,5.9,-0.8,5275
2018,Corey Dickerson,PIT,114,2.9,-3.1,10762
2021,Adam Frazier,- - -,113,3.6,-0.1,15223
2020,Colin Moran,PIT,112,0.6,-2.9,16909
2016,Francisco Lindor,CLE,109,5.3,0.8,12916
2021,Luis Urias,MIL,112,2.1,-0.7,16622
2019,Corey Seager,LAD,112,3.6,3.4,13624
2016,Kole Calhoun,LAA,117,3.4,1.5,11200
2015,Russell Martin,TOR,115,4.5,-4.5,4616
2019,Whit Merrifield,KCR,110,3.1,1.5,11281
2018,Eddie Rosario,MIN,114,4,7.7,12155
2016,Chris Davis,BAL,113,2.2,4.1,9272
2020,Charlie Blackmon,COL,97,0.4,-0.2,7859
2021,Mitch Haniger,SEA,121,2.5,-1.4,14274
2018,Matt Olson,OAK,119,3.1,-2.2,14344
2016,Jay Bruce,- - -,111,1,-3.1,9892
2015,Justin Upton,SDP,119,3.4,4.9,5222
2018,George Springer,HOU,119,3.2,-0.9,12856
2019,J.T. Realmuto,PHI,107,5.6,5.4,11739
2019,Kevin Newman,PIT,109,2.1,-0.2,17696
2018,Mallex Smith,TBR,118,3.3,6.6,13608
2016,Curtis Granderson,NYM,116,3.2,1.9,4747
2020,J.D. Davis,NYM,118,0.3,-2.7,16219
2022,Ian Happ,CHC,120,3.5,0.7,17919
2017,Shin-Soo Choo,TEX,102,0.1,-1.7,3174
2017,Mookie Betts,BOS,107,5.3,9.2,13611
2016,Kendrys Morales,KCR,111,0.9,-4.4,8610
2021,Anthony Rizzo,- - -,113,2.1,-1.8,3473
2020,Christian Walker,ARI,110,0.8,0.8,13419
2017,Josh Bell,PIT,108,0.5,-6.8,13145
2015,Josh Reddick,OAK,116,2.8,5,3892
2020,Yasmani Grandal,CHW,114,1.6,-2.4,11368
2021,Chris Taylor,LAD,113,3,6.5,13757
2017,Asdrubal Cabrera,NYM,112,1.2,-8.9,4962
2019,Franmil Reyes,- - -,111,1.1,-3.2,14566
2020,Raimel Tapia,COL,96,0.7,3.2,14350
2015,Xander Bogaerts,BOS,111,4.6,3.9,12161
2020,Vladimir Guerrero Jr.,TOR,110,0.2,-0.9,19611
2021,Enrique Hernandez,BOS,109,3.9,3,10472
2016,Odubel Herrera,PHI,110,3.7,2.3,11476
2020,Kyle Seager,SEA,119,1.8,1.7,9785
2018,Joey Wendle,TBR,117,3.9,3,13853
2021,Jean Segura,PHI,109,3.4,-1.2,5933
2015,Chris Coghlan,CHC,113,3.1,3.4,6878
2021,Robbie Grossman,DET,116,2.3,2,5254
2022,Dansby Swanson,ATL,116,6.4,3.1,18314
2015,Starling Marte,PIT,115,3.3,-1.4,9241
2020,Cody Bellinger,LAD,112,1.4,0.5,15998
2015,Adrian Beltre,TEX,109,4.3,4,639
2022,Ty France,SEA,126,2.4,-2.8,17982
2021,Nathaniel Lowe,TEX,114,1.7,-2.2,19566
2018,Jose Abreu,CHW,114,1.7,-1.5,15676
2018,Starling Marte,PIT,112,4.1,2.1,9241
2015,Dee Strange-Gordon,MIA,116,4.8,4.8,8203
2020,Rafael Devers,BOS,108,0.7,0.9,17350
2017,Brett Gardner,NYY,110,4,6,9927
2020,Willson Contreras,CHC,110,1.6,-0.8,11609
2016,Rougned Odor,TEX,103,3.4,3.9,12282
2021,Nolan Arenado,STL,113,4.1,-0.4,9777
2021,Ozzie Albies,ATL,107,3.9,8.3,16556
2021,Dylan Carlson,STL,113,2.6,0.1,20126
2016,Logan Forsythe,TBR,113,3,0.2,7185
2016,Ian Desmond,TEX,103,3.8,5.6,6885
2021,J.T. Realmuto,PHI,108,4.5,5.5,11739
2022,Anthony Santander,BAL,120,2.5,0.3,14551
2019,Marcell Ozuna,STL,110,2,1.6,10324
2018,Josh Bell,PIT,111,1.3,-3.3,13145
2022,Randy Arozarena,TBR,125,2.7,-4.3,19290
2020,Cesar Hernandez,CLE,112,2.1,0.4,10556
2022,Ronald Acuna Jr.,ATL,114,2.2,4.8,18401
2019,Jonathan Villar,BAL,107,3.9,10.5,10071
2016,Martin Prado,MIA,112,2.9,-1.9,3312
2015,Stephen Vogt,OAK,114,1.8,-3.7,5000
2015,Robinson Cano,SEA,116,2.8,-8.3,3269
2017,Wil Myers,SDP,107,1.3,0.6,10047
2021,Ryan Mountcastle,BAL,111,0.6,-1.2,18373
2020,Jurickson Profar,SDP,113,1.3,2.7,10815
2019,Manny Machado,SDP,109,2.2,-1.7,11493
2022,C.J. Cron,COL,101,1.3,0.5,12546
2016,Cesar Hernandez,PHI,107,3.5,0.8,10556
2015,Joc Pederson,LAD,116,3.1,-0.3,11899
2017,Didi Gregorius,NYY,109,2.5,3.1,6012
2015,Troy Tulowitzki,- - -,101,2.4,-3.2,3531
2021,Andrew McCutchen,PHI,108,1.5,1.5,9847
2018,Chris Taylor,LAD,113,3.7,4.4,13757
2015,Ian Kinsler,DET,110,3.9,0.5,6195
2017,Todd Frazier,- - -,109,3.1,-2,785
2015,Kyle Seager,SEA,115,3.8,-3.2,9785
2019,Jose Ramirez,CLE,108,3.5,6.7,13510
2016,Adrian Gonzalez,LAD,111,1,-4.9,1908
2020,Brandon Crawford,SFG,110,1.6,-0.5,5343
2017,Robinson Cano,SEA,112,3.2,-3,3269
2021,Eduardo Escobar,- - -,107,2.6,0.4,6153
2019,Avisail Garcia,TBR,113,2.1,-3.5,5760
2015,Adam Jones,BAL,111,3.4,0.1,6368
2015,Gerardo Parra,- - -,109,2,2.2,8553
2017,Adam Jones,BAL,106,1.3,1.3,6368
2019,Kolten Wong,STL,109,3.6,7.1,12532
2020,Randal Grichuk,TOR,108,0.9,0.1,10243
2021,Ryan McMahon,COL,94,2.5,-1.6,15112
2021,Alex Verdugo,BOS,107,2,2,17027
2017,Tim Beckham,- - -,109,3,0.6,7949
2017,Jean Segura,SEA,111,3.4,-0.5,5933
2021,Jesus Aguilar,MIA,111,1.4,-3.4,11342
2016,Matt Kemp,- - -,108,-0.6,-0.7,5631
2015,Odubel Herrera,PHI,111,3.8,2.3,11476
2018,Carlos Santana,PHI,108,2.5,-0.1,2396
2016,J.T. Realmuto,MIA,111,2.1,1.1,11739
2015,Albert Pujols,LAA,114,1.6,-4.9,1177
2020,David Peralta,ARI,106,1,0,2136
2016,Brad Miller,TBR,111,1.4,1.4,12775
2020,Starling Marte,- - -,108,1.2,2.1,9241
2020,Eddie Rosario,MIN,112,0.9,-2,12155
2018,Brian Anderson,MIA,113,2.9,-0.6,18289
2021,Mark Canha,OAK,117,3.1,2,11445
2021,Lourdes Gurriel Jr.,TOR,107,1.8,-2,19238
2016,Adam Duvall,CIN,104,2.6,0.9,10950
2019,Daniel Vogelbach,SEA,112,1.2,-0.1,14130
2020,Jean Segura,PHI,106,1.1,-1.1,5933
2015,Dexter Fowler,CHC,109,3,-0.1,4062
2021,Charlie Blackmon,COL,93,0.4,1.4,7859
2022,Gio Urshela,MIN,119,2.4,-6.2,10681
2017,Whit Merrifield,KCR,105,3.2,4.4,11281
2017,Andrew Benintendi,BOS,102,1.6,1.4,17901
2017,Josh Harrison,PIT,104,2.8,2.2,8202
2017,J.T. Realmuto,MIA,107,4.4,1.6,11739
2020,Eugenio Suarez,CIN,100,1.1,0.5,12552
2015,Brandon Crawford,SFG,113,4.3,-1.2,5343
2019,Joey Votto,CIN,98,0.6,-3.9,4314
2018,Asdrubal Cabrera,- - -,111,3.6,0.4,4962
2021,Miguel Sano,MIN,112,0.9,-2.2,12164
2019,Christian Vazquez,BOS,102,3.5,-4.2,9774
2022,Sean Murphy,OAK,122,5.1,-1.4,19352
2022,Corey Seager,TEX,117,4.5,2.6,13624
2015,Matt Duffy,SFG,113,4.4,4.5,13836
2019,Asdrubal Cabrera,- - -,98,1.9,-4.2,4962
2018,Trea Turner,WSN,105,4.9,8.4,16252
2016,Gregory Polanco,PIT,106,2.7,0.1,12907
2022,Matt Chapman,TOR,117,4.1,3.1,16505
2016,Albert Pujols,LAA,110,0.8,-6.2,1177
2015,Carlos Santana,CLE,107,2.1,1.1,2396
2019,Yasiel Puig,- - -,100,1.9,-0.9,14225
2018,Ketel Marte,ARI,105,2.8,-1,13613
2017,Curtis Granderson,- - -,106,1.6,2.9,4747
2019,Kole Calhoun,LAA,105,2.3,-1.2,11200
2016,Marcell Ozuna,MIA,109,2.3,-1,10324
2017,Scott Schebler,CIN,98,1.8,0.7,12225
2019,Ryan McMahon,COL,89,0.8,0.1,15112
2019,Andrew Benintendi,BOS,100,1.8,2.7,17901
2022,DJ LeMahieu,NYY,116,3,-4,9874
2020,Nick Castellanos,CIN,98,0.3,-1.2,11737
2016,Justin Upton,DET,105,1.2,1.4,5222
2020,Maikel Franco,KCR,105,1.1,-0.7,12179
2020,Whit Merrifield,KCR,105,1.5,0,11281
2019,Vladimir Guerrero Jr.,TOR,106,-0.2,-6.6,19611
2017,Chase Headley,NYY,105,2,1.2,4720
2016,Andrew McCutchen,PIT,105,1.1,-2.5,9847
2018,Mike Moustakas,- - -,105,2.2,-1.9,4892
2017,Odubel Herrera,PHI,100,3,1,11476
2021,Nicky Lopez,KCR,105,5.9,8.2,19339
2019,Eddie Rosario,MIN,104,0.9,0.2,12155
2017,Joe Panik,SFG,104,1.9,-2.1,11936
2021,Austin Hays,BAL,106,2.3,-0.3,19363
2022,Gleyber Torres,NYY,115,2.7,-0.2,16997
2021,Ian Happ,CHC,105,1.2,0.2,17919
2021,Andrew Benintendi,KCR,105,1.7,-0.1,17901
2020,Max Kepler,MIN,109,1.1,2.3,12144
2018,Teoscar Hernandez,TOR,106,0.9,-1.3,13066
2022,Christian Yelich,MIL,111,2.3,3.4,11477
2019,Jason Heyward,CHC,100,2.2,2.1,4940
2017,Ender Inciarte,ATL,97,3.7,2.3,4922
2017,Manny Machado,BAL,102,1.7,-5,11493
2016,Jayson Werth,WSN,100,1.3,2.1,1327
2021,Austin Meadows,TBR,113,1.6,-1.7,15672
2015,DJ LeMahieu,COL,91,1.9,3.1,9874
2015,Mark Trumbo,- - -,107,1.1,-2,6876
2021,Josh Rojas,ARI,102,1.8,4.6,19734
2020,Andrew McCutchen,PHI,102,-0.2,-1.6,9847
2015,Brett Gardner,NYY,106,2.5,5.4,9927
2022,Rowdy Tellez,MIL,110,0.8,-6.6,15679
2015,Nick Markakis,ATL,106,1.4,-1.9,5930
2019,Wilson Ramos,NYM,106,1.5,-5.8,1433
2017,Carlos Gonzalez,COL,85,-0.2,-0.5,7287
2016,Joe Mauer,MIN,102,1.5,-2.1,1857
2015,Brian McCann,NYY,106,2.8,-3.3,4810
2016,Brandon Crawford,SFG,104,4.4,3.6,5343
2016,Yunel Escobar,LAA,107,1.2,-5.8,4191
2022,Andrew Vaughn,CHW,113,-0.4,-3.2,26197
2018,Marcell Ozuna,STL,107,2.7,4.4,10324
2016,Troy Tulowitzki,TOR,104,2.5,-2.8,3531
2017,Adam Duvall,CIN,96,2.5,-0.3,10950
2018,Jean Segura,SEA,109,3.9,0.5,5933
2015,Evan Longoria,TBR,109,3.8,1,9368
2017,Kyle Seager,SEA,106,3.8,-0.9,9785
2020,Hunter Dozier,KCR,103,0.7,1.5,15117
2018,Derek Dietrich,MIA,109,0.3,-0.3,10542
2019,Domingo Santana,SEA,107,0.3,0.5,10348
2017,David Freese,PIT,100,1.8,-4.2,9549
2020,Anthony Rizzo,CHC,103,0.9,-0.4,3473
2016,Eric Hosmer,KCR,102,0,-5.5,3516
2022,Josh Rojas,ARI,108,2.7,6.2,19734
2018,Andrelton Simmons,LAA,106,4.5,1.1,10847
2021,Trey Mancini,BAL,105,0.6,-5.3,15149
2021,Mike Yastrzemski,SFG,105,2.3,3.9,14854
2016,Todd Frazier,CHW,105,3.2,0.7,785
2019,Dexter Fowler,STL,103,0.8,-0.3,4062
2022,Ryan McMahon,COL,95,3.1,2.1,15112
2017,Mitch Moreland,BOS,98,0.8,-2.4,3086
2017,Javier Baez,CHC,98,3,3.8,12979
2017,Denard Span,SFG,102,0.7,-0.7,8347
2015,Matt Kemp,SDP,109,1,1,5631
2015,Ender Inciarte,ARI,100,2.4,3.1,4922
2015,Neil Walker,PIT,106,2.6,2.7,7539
2022,Willy Adames,MIL,109,4.7,2.4,15986
2015,Daniel Murphy,NYM,109,2.2,-0.5,4316
2021,Yandy Diaz,TBR,111,1.9,-2.2,16578
2018,Rougned Odor,TEX,95,2.6,0.1,12282
2021,Josh Harrison,- - -,104,2.3,-0.5,8202
2018,Justin Bour,- - -,107,0.3,-6.2,9744
2022,Adolis Garcia,TEX,112,3.8,6,19287
2015,Yangervis Solarte,SDP,109,1.8,-4.7,5352
2021,Adam Duvall,- - -,103,2.7,-2.4,10950
2021,Jonathan Schoop,DET,107,2.1,-2.1,11265
2020,Francisco Lindor,CLE,105,1.9,-2.5,12916
2018,Ozzie Albies,ATL,100,3.7,5.6,16556
2016,Angel Pagan,SFG,102,1.5,1.8,2918
2018,Nomar Mazara,TEX,95,0.8,-1,14553
2016,Eduardo Nunez,- - -,101,2.5,2.9,6848
2022,Seth Brown,OAK,117,1.8,2.4,18171
2021,Jorge Soler,- - -,100,-0.3,-6.8,14221
2018,Yuli Gurriel,HOU,107,1.7,-3.1,19198
2018,Matt Duffy,TBR,107,2.1,-3.8,13836
2019,Renato Nunez,BAL,99,0.2,0.3,14503
2018,Yadier Molina,STL,105,2.4,-3.4,7007
2022,Daulton Varsho,ARI,106,4.6,3.4,19918
2015,Brian Dozier,MIN,102,3.1,2.9,9810
2017,Andrelton Simmons,LAA,102,4.9,2,10847
2020,Miguel Cabrera,DET,105,0.3,-2.1,1744
2017,Trevor Story,COL,82,1.9,1,12564
2015,Jhonny Peralta,STL,105,2.1,-6.9,1738
2021,Dansby Swanson,ATL,99,3.4,3.4,18314
2018,DJ LeMahieu,COL,87,2.2,-1.6,9874
2019,Evan Longoria,SFG,100,2.1,-1.3,9368
2016,Russell Martin,TOR,101,3.5,-1.8,4616
2019,Paul DeJong,STL,101,3.7,2.3,18015
2015,Brock Holt,BOS,99,2,5.2,9345
2017,Xander Bogaerts,BOS,95,3.1,8.3,12161
2015,Trevor Plouffe,MIN,100,2.6,-1.6,7462
2022,Brendan Rodgers,COL,92,1.7,-1.7,17907
2018,Willson Contreras,CHC,101,0.7,-5,11609
2016,Nick Markakis,ATL,98,0.4,-2.6,5930
2017,Nick Markakis,ATL,93,0.8,-0.9,5930
2021,Trent Grisham,SDP,103,2.2,2,18564
2016,Jonathan Schoop,BAL,99,3.5,-0.8,11265
2022,Jurickson Profar,SDP,110,2.5,-1.4,10815
2018,Cesar Hernandez,PHI,100,2,0.1,10556
2019,Adam Frazier,PIT,97,2.7,0.7,15223
2017,Ryon Healy,OAK,101,-0.1,-1.8,15447
2021,Jonathan Villar,NYM,105,2.5,3.6,10071
2022,Nico Hoerner,CHC,106,4,2.3,21479
2017,Kendrys Morales,TOR,98,-0.5,-9.4,8610
2021,Eric Hosmer,SDP,103,0.6,-5.5,3516
2022,Alex Verdugo,BOS,103,1.2,-1.1,17027
2017,Melky Cabrera,- - -,98,0.1,-3.8,4022
2019,Brandon Belt,SFG,98,0.6,-1.6,10264
2018,Yonder Alonso,CLE,98,0.3,-0.9,2530
2018,Jose Peraza,CIN,96,3.2,3.8,13593
2018,Joe Mauer,MIN,100,1,-0.2,1857
2015,Asdrubal Cabrera,TBR,104,2.6,0.3,4962
2019,Alex Gordon,KCR,95,0.9,-2.4,5209
2016,Ender Inciarte,ATL,97,4.7,4.5,4922
2020,Asdrubal Cabrera,WSN,97,0.2,-2.6,4962
2016,Didi Gregorius,NYY,97,2.3,3.6,6012
2016,Corey Dickerson,TBR,101,0.6,-0.8,10762
2016,Adam Jones,BAL,98,2.4,1.4,6368
2019,Miguel Cabrera,DET,97,-0.5,-6.3,1744
2019,Hanser Alberto,BAL,95,2.1,-1.7,11902
2022,Jake Cronenworth,SDP,109,4.1,6.8,18036
2020,Nick Ahmed,ARI,96,1.6,2.1,12147
2016,Nomar Mazara,TEX,91,0.5,-3.4,14553
2019,Amed Rosario,NYM,101,2,1.3,15518
2021,Tommy Pham,SDP,102,1.1,1.1,2967
2021,Pavin Smith,ARI,96,0.2,-2.4,19892
2022,Max Muncy,LAD,106,2.4,2.1,13301
2017,Hanley Ramirez,BOS,92,-0.5,-5.3,8001
2019,David Fletcher,LAA,96,3.1,-0.8,17992
2015,Martin Prado,MIA,102,3.4,-0.1,3312
2022,Tommy Edman,STL,108,5.6,8.4,19470
2018,Marwin Gonzalez,HOU,104,2,-2.7,5497
2017,Nomar Mazara,TEX,87,0.1,-2.2,14553
2022,Thairo Estrada,SFG,106,2.7,2.4,16426
2016,Brett Gardner,NYY,96,2.7,7.1,9927
2022,Marcus Semien,TEX,107,4.2,7,12533
2020,Orlando Arcia,MIL,97,0.7,-2.9,13185
2022,Ketel Marte,ARI,102,1.4,-0.9,13613
2015,Billy Burns,OAK,102,1.9,5.4,12701
2022,Charlie Blackmon,COL,89,0.1,1.4,7859
2019,Dansby Swanson,ATL,91,2,3.9,18314
2020,Miguel Sano,MIN,101,0.8,2.3,12164
2015,Kole Calhoun,LAA,103,3.2,3.2,11200
2015,Evan Gattis,HOU,103,0.3,-2.6,11003
2015,Marlon Byrd,- - -,100,1.5,0.3,950
2021,Francisco Lindor,NYM,103,4.2,2,12916
2019,Victor Robles,WSN,92,3.5,4.2,18363
2016,Addison Russell,CHC,95,3.6,1.1,14106
2018,Max Kepler,MIN,98,2.5,0.8,12144
2022,Patrick Wisdom,CHC,104,1.1,0.6,13602
2016,Eugenio Suarez,CIN,93,2,-1.2,12552
2020,Carlos Santana,CLE,99,0.7,-0.9,2396
2020,Max Muncy,LAD,98,0.2,-0.4,13301
2021,Kyle Farmer,CIN,90,1.9,-1.5,14813
2020,Luis Robert,CHW,99,1.2,1.7,20043
2022,Ryan Mountcastle,BAL,106,1.6,0.7,18373
2016,Cheslor Cuthbert,KCR,95,1,-4.2,10473
2020,Matt Olson,OAK,104,0.6,0.2,14344
2020,Ketel Marte,ARI,94,0.5,-0.2,13613
2017,Brandon Phillips,- - -,91,0.4,-2.3,791
2017,Yadier Molina,STL,95,2.4,-5.1,7007
2015,Ben Revere,- - -,98,2.3,7.8,4712
2020,Ramon Laureano,OAK,104,1,0.7,17128
2015,Brandon Phillips,CIN,97,2.5,3.8,791
2018,Starlin Castro,MIA,101,2.7,-1.7,4579
2021,Amed Rosario,CLE,99,2.4,1.2,15518
2017,Ben Gamel,SEA,99,1.3,3.4,12160
2018,Adam Jones,BAL,98,0.2,-0.9,6368
2019,Cesar Hernandez,PHI,91,1.5,1.5,10556
2019,Colin Moran,PIT,93,0.3,-3.4,16909
2022,Cedric Mullins II,BAL,106,3.4,3.3,17929
2019,Jean Segura,PHI,91,1.7,5.7,5933
2018,Ian Desmond,COL,82,-0.5,0,6885
2021,DJ LeMahieu,NYY,100,2,-1.7,9874
2016,Marcus Semien,OAK,98,2.4,-0.5,12533
2017,Max Kepler,MIN,94,2.1,3.1,12144
2018,Odubel Herrera,PHI,96,1.2,1.7,11476
2016,Brandon Phillips,CIN,92,-0.4,-3.4,791
2017,Kole Calhoun,LAA,97,1.3,-0.5,11200
2019,Nick Ahmed,ARI,91,3.3,2.2,12147
2022,Randal Grichuk,COL,88,-0.2,-1.2,10243
2016,Scooter Gennett,MIL,92,0.5,-2.8,10339
2021,Adolis Garcia,TEX,99,3.3,-1.4,19287
2021,David Peralta,ARI,94,1.7,2,2136
2021,J.P. Crawford,SEA,103,3.3,-2.7,15491
2022,Austin Hays,BAL,105,1.5,0.6,19363
2022,Luis Rengifo,LAA,103,1.6,1.4,19858
2019,Jackie Bradley Jr.,BOS,89,1.9,0.5,12984
2022,Ha-seong Kim,SDP,105,3.7,1.9,27506
2017,Yolmer Sanchez,CHW,95,2,-1.3,11602
2017,Jackie Bradley Jr.,BOS,89,2.4,5,12984
2016,Starlin Castro,NYY,93,2.4,-1.5,4579
2022,Jesse Winker,SEA,108,0.4,-4.3,13590
2019,Willy Adames,TBR,99,3.3,2.2,15986
2017,Miguel Cabrera,DET,92,-0.7,-8.1,1744
2017,Ian Kinsler,DET,92,2.3,1.5,6195
2017,Evan Longoria,TBR,97,2.4,1.4,9368
2022,Wilmer Flores,SFG,103,1.4,-1.4,5827
2021,Jazz Chisholm Jr.,MIA,97,1.9,3.3,20454
2017,Jose Reyes,NYM,95,1.6,5.4,1736
2016,Zack Cozart,CIN,90,0.4,-0.5,2616
2017,Dee Strange-Gordon,MIA,94,2.9,9.3,8203
2022,Trey Mancini,- - -,104,0.9,-3,15149
2017,Chris Davis,BAL,91,-0.2,-0.9,9272
2016,Chase Utley,LAD,96,1.1,1.6,1679
2018,Jonathan Villar,- - -,95,1.9,3.3,10071
2017,Byron Buxton,MIN,92,4.1,11.8,14161
2016,Denard Span,SFG,94,1.1,2.8,8347
2021,Matt Chapman,OAK,102,4.1,2,16505
2015,Billy Butler,OAK,98,-0.8,-11.1,7399
2022,Luke Voit,- - -,102,0.2,-6.2,14811
2022,Eduardo Escobar,NYM,106,2.3,3.1,6153
2017,Yangervis Solarte,SDP,91,1.3,-3.1,5352
2022,Amed Rosario,CLE,103,2.4,1.5,15518
2018,Yoan Moncada,CHW,97,1.3,2.2,17232
2021,Miguel Rojas,MIA,96,2.1,1.5,7802
2021,Jed Lowrie,OAK,102,0.7,-1.6,4418
2016,Maikel Franco,PHI,92,0.9,-1.4,12179
2022,Bobby Witt Jr.,KCR,99,2.3,6.8,25764
2015,Marcus Semien,OAK,97,1.4,0.8,12533
2021,Myles Straw,- - -,97,3.2,6.1,17620
2015,Nick Castellanos,DET,94,0.5,-6.4,11737
2018,Jeimer Candelario,DET,93,2.2,2.8,13621
2016,Chase Headley,NYY,92,2.2,4.1,4720
2015,Joe Mauer,MIN,93,0.3,-3.2,1857
2018,Jackie Bradley Jr.,BOS,90,3.4,5.7,12984
2022,MJ Melendez,KCR,99,-0.2,-0.3,22197
2022,Elvis Andrus,- - -,105,3.5,6,8709
2015,Kevin Pillar,TOR,94,3.7,8.2,12434
2022,Alec Bohm,PHI,98,1.5,-0.5,21618
2016,Travis Shaw,BOS,88,0.7,-1,11982
2015,Kolten Wong,STL,96,2.5,3.2,12532
2018,Eric Hosmer,SDP,95,-0.5,-4.2,3516
2017,Manuel Margot,SDP,90,1.9,1,14712
2020,Yoan Moncada,CHW,94,1.1,3,17232
2017,Orlando Arcia,MIL,86,2,0.5,13185
2015,Kevin Kiermaier,TBR,97,4.3,3.9,11038
2017,Jorge Polanco,MIN,90,1.8,3.7,13152
2022,Jeremy Pena,HOU,102,3.4,3.7,21636
2019,Eric Hosmer,SDP,92,-0.9,-5.2,3516
2022,Andrew McCutchen,MIL,98,0.3,-4.1,9847
2022,Kyle Farmer,CIN,92,1.4,-4.6,14813
2015,Jay Bruce,CIN,93,0.2,-2,9892
2015,Derek Norris,SDP,98,3.8,-1.1,6867
2015,Aramis Ramirez,- - -,93,1.1,-6.9,1002
2018,Ender Inciarte,ATL,90,3.4,6.1,4922
2018,Jason Kipnis,CLE,91,1.4,2.5,9776
2016,Jacoby Ellsbury,NYY,90,1.6,2.5,4727
2017,Jordy Mercer,PIT,88,1.8,-0.9,6547
2019,Albert Pujols,LAA,90,-0.6,-4.4,1177
2019,Adam Jones,ARI,87,-0.4,-2,6368
2016,Adonis Garcia,ATL,89,0.4,-1.5,13777
2015,Brandon Moss,- - -,93,0.4,-0.6,4467
2022,Carlos Santana,- - -,102,1,1,2396
2020,Corey Dickerson,MIA,93,0.2,0,10762
2020,Carlos Correa,HOU,94,1.2,-0.2,14162
2020,Nolan Arenado,COL,76,0.7,-0.5,9777
2018,Trey Mancini,BAL,93,0.4,-0.2,15149
2019,Josh Reddick,HOU,92,0.9,0.4,3892
2022,Lane Thomas,WSN,96,1.1,-0.6,16939
2015,Ryan Howard,PHI,93,-0.2,-1.6,2154
2021,Kyle Seager,SEA,99,2.7,-1.9,9785
2020,Evan Longoria,SFG,93,0.7,-2.1,9368
2020,Ryan McMahon,COL,76,0.2,0.6,15112
2016,Salvador Perez,KCR,89,0.2,-4.3,7304
2018,Marcus Semien,OAK,97,2.9,1.6,12533
2016,Mitch Moreland,TEX,83,-0.2,-2.1,3086
2019,Freddy Galvis,- - -,89,2.2,-0.8,6609
2018,Tucker Barnhart,CIN,88,-0.4,-4.2,10200
2020,Isiah Kiner-Falefa,TEX,93,0.9,-2,16512
2015,Cameron Maybin,ATL,93,1.3,1.6,5223
2020,Victor Reyes,DET,94,0.6,0,15487
2020,Kyle Schwarber,CHC,91,0.3,0.4,16478
2022,Mike Yastrzemski,SFG,99,2.2,2.6,14854
2021,Gleyber Torres,NYY,94,1.2,0.2,16997
2020,Austin Riley,ATL,88,0,-0.4,18360
2015,Melky Cabrera,CHW,94,0.1,-3.1,4022
2019,Randal Grichuk,TOR,90,1,-3.8,10243
2015,Chase Headley,NYY,92,1.6,0.2,4720
2019,Starlin Castro,MIA,91,1.9,-4.2,4579
2021,Whit Merrifield,KCR,90,3,7.4,11281
2019,Jose Iglesias,CIN,82,1.9,-1.9,10231
2021,Eugenio Suarez,CIN,84,-0.1,-4.1,12552
2018,Brandon Crawford,SFG,93,2.5,-0.8,5343
2022,J.P. Crawford,SEA,104,2,-1,15491
2015,Brett Lawrie,OAK,94,0.9,2.2,5247
2017,Tommy Joseph,PHI,84,-0.8,-4.4,10349
2019,Miguel Rojas,MIA,90,1.3,-2.9,7802
2021,Miguel Cabrera,DET,94,-0.6,-6.3,1744
2018,Brett Gardner,NYY,91,2.4,8.9,9927
2016,Stephen Vogt,OAK,91,0.2,0.6,5000
2021,Raimel Tapia,COL,75,0.7,3.7,14350
2015,Austin Jackson,- - -,94,1.8,-0.2,9848
2018,Alex Gordon,KCR,89,1.3,-0.1,5209
2020,Adalberto Mondesi,KCR,88,1.4,3.6,13769
2020,Kolten Wong,STL,92,1.2,2.2,12532
2015,Gregory Polanco,PIT,92,2.2,5.1,12907
2022,Nick Castellanos,PHI,94,-0.7,-2.8,11737
2018,Salvador Perez,KCR,88,0.5,-5.2,7304
2020,Josh Reddick,HOU,92,-0.7,-2,3892
2015,Torii Hunter,MIN,89,0.7,-1.1,731
2015,Anthony Gose,DET,89,0.6,0.6,5097
2021,Jose Iglesias,- - -,90,1.7,-0.2,10231
2022,Tommy Pham,- - -,89,0.6,1.9,2967
2018,Brian Dozier,- - -,90,0.6,-0.7,9810
2015,Addison Russell,CHC,90,2.6,0.3,14106
2015,Wilmer Flores,NYM,95,1.7,0,5827
2020,Keston Hiura,MIL,88,0.4,-0.5,20003
2016,Jordy Mercer,PIT,88,2.7,3.4,6547
2016,Howie Kendrick,LAD,90,1,2.4,4229
2017,Hunter Pence,SFG,87,0.4,2.7,8252
2015,Didi Gregorius,NYY,89,3.1,3.3,6012
2020,Rio Ruiz,BAL,88,0.3,-2.2,14103
2016,Alex Gordon,KCR,86,1,0.6,5209
2020,J.P. Crawford,SEA,95,1.3,-0.2,15491
2017,Kevin Pillar,TOR,86,1.1,1,12434
2019,Lorenzo Cain,MIL,83,1.3,0.4,9077
2021,Cesar Hernandez,- - -,90,1.6,0.8,10556
2018,Kevin Pillar,TOR,88,1.7,4.5,12434
2020,Tommy Edman,STL,90,1,-0.3,19470
2019,Rougned Odor,TEX,77,1,2.2,12282
2022,Josh Donaldson,NYY,97,1.6,-4.5,5038
2020,Hanser Alberto,BAL,87,0.4,3.1,11902
2019,Jurickson Profar,OAK,90,0.9,1.8,10815
2019,Jason Kipnis,CLE,86,0.3,0,9776
2018,Jon Jay,- - -,86,-0.3,-2.7,5227
2017,Brandon Crawford,SFG,86,1.8,-1.6,5343
2021,Tommy Edman,STL,90,2.8,8,19470
2016,Josh Harrison,PIT,86,1.6,3,8202
2015,Jose Reyes,- - -,81,0.7,1.4,1736
2015,Salvador Perez,KCR,87,0.8,-6.8,7304
2021,Randal Grichuk,TOR,85,0.1,-4.9,10243
2019,Elvis Andrus,TEX,76,1.9,3.5,8709
2016,Joe Panik,SFG,86,1.8,2.1,11936
2018,Nick Ahmed,ARI,85,3.7,-1.1,12147
2021,Nick Solak,TEX,88,1.1,0.4,19294
2020,Marcus Semien,OAK,93,0.2,1.8,12533
2016,Yonder Alonso,OAK,87,-0.1,-2.8,2530
2016,Marwin Gonzalez,HOU,89,1,-2.1,5497
2018,Ian Kinsler,- - -,86,1.6,0.8,6195
2022,Marcell Ozuna,ATL,88,-0.6,-2.6,10324
2015,Logan Morrison,SEA,90,0,-0.8,9205
2016,Leonys Martin,SEA,89,3.4,4.6,11846
2019,Kevin Pillar,- - -,84,0.4,6,12434
2017,Freddy Galvis,PHI,79,1.9,0.9,6609
2022,A.J. Pollock,CHW,92,0.5,-1.5,9256
2016,Melvin Upton Jr.,- - -,84,1.5,5.4,5015
2020,Nick Solak,TEX,86,-0.3,2.4,19294
2020,Joey Gallo,TEX,86,1,2.7,14128
2018,Yolmer Sanchez,CHW,87,2.2,0.1,11602
2018,Ryon Healy,SEA,89,-0.8,-5.3,15447
2020,Avisail Garcia,MIL,83,0.5,-1,5760
2015,Avisail Garcia,CHW,86,-0.3,-4.7,5760
2017,Mark Trumbo,BAL,79,-1.7,-0.9,6876
2018,Evan Longoria,SFG,86,0.5,-0.2,9368
2016,Kevin Pillar,TOR,82,1.8,1.6,12434
2017,Jose Bautista,TOR,81,-0.6,-4.9,1887
2022,Ke'Bryan Hayes,PIT,88,3,0.9,18577
2019,Leury Garcia,CHW,82,1.7,5.6,5913
2018,Tim Anderson,CHW,85,2.5,2.8,15172
2015,Ian Desmond,WSN,83,1.4,5.5,6885
2022,Whit Merrifield,- - -,88,1.5,2.6,11281
2018,Freddy Galvis,SDP,85,2,0.1,6609
2021,Carlos Santana,KCR,82,-0.5,-0.8,2396
2016,Danny Espinosa,WSN,78,1.5,4.9,9219
2021,Hunter Dozier,KCR,81,-1,-1.4,15117
2021,Isiah Kiner-Falefa,TEX,84,1.7,4.2,16512
2018,Dansby Swanson,ATL,79,1.4,3.1,18314
2015,Elvis Andrus,TEX,78,1.8,3.7,8709
2017,Maikel Franco,PHI,76,-0.2,-3.1,12179
2022,Nelson Cruz,WSN,85,-0.8,-3.1,2434
2022,Javier Baez,DET,90,2,2.5,12979
2020,Adam Frazier,PIT,79,0.8,-1.4,15223
2018,Amed Rosario,NYM,85,0.4,5,15518
2020,J.D. Martinez,BOS,76,-1,-1,6184
2015,Andrelton Simmons,ATL,81,3.1,0.7,10847
2019,Khris Davis,OAK,81,-0.9,-2.2,9112
2020,Jorge Polanco,MIN,82,0.6,-0.6,13152
2017,Tim Anderson,CHW,79,0.7,3.7,15172
2015,Starlin Castro,CHC,79,0.6,-2.3,4579
2022,Jesus Aguilar,- - -,86,-0.4,-2.8,11342
2018,Manuel Margot,SDP,81,0.8,-1.4,14712
2018,Kyle Seager,SEA,83,0.8,-2,9785
2015,Pablo Sandoval,BOS,76,-1.2,-5.1,5409
2022,Tony Kemp,OAK,91,1.5,4.1,14894
2015,Yadier Molina,STL,81,2.4,-1.9,7007
2015,Jace Peterson,ATL,79,1,1,12325
2020,Josh Bell,PIT,76,-0.3,0.2,13145
2017,Albert Pujols,LAA,77,-1.9,-6.3,1177
2021,Michael A. Taylor,KCR,76,2,0.3,11489
2022,Isiah Kiner-Falefa,NYY,85,1.3,1.1,16512
2022,Yuli Gurriel,HOU,85,-0.9,-0.8,19198
2016,Freddy Galvis,PHI,74,1.8,1,6609
2022,Cody Bellinger,LAD,83,1.7,4.5,15998
2018,Yangervis Solarte,TOR,76,-0.4,-7.7,5352
2015,Freddy Galvis,PHI,76,1.6,4.4,6609
2017,Carlos Beltran,HOU,76,-1.2,-2.8,589
2018,Kole Calhoun,LAA,77,-0.1,-0.9,11200
2016,Jose Iglesias,DET,74,2.1,1.7,10231
2015,Jimmy Rollins,LAD,80,0.4,-2.1,971
2022,Cesar Hernandez,WSN,79,0.5,-0.8,10556
2016,Jason Heyward,CHC,72,0.8,2.1,4940
2018,Miguel Rojas,MIA,79,1.2,-5.1,7802
2018,Victor Martinez,DET,73,-1.7,-4.1,393
2022,Jorge Mateo,BAL,82,2.8,5.8,17273
2019,Yolmer Sanchez,CHW,73,0.7,2,11602
2020,Yuli Gurriel,HOU,76,0,0.3,19198
2019,Brandon Crawford,SFG,73,0.4,-0.9,5343
2015,Erick Aybar,LAA,78,0.9,3.1,4082
2022,Trent Grisham,SDP,83,2.1,5.8,18564
2015,Angel Pagan,SFG,78,-0.2,2.2,2918
2015,Alexei Ramirez,CHW,74,0.1,-5.1,5133
2017,Billy Hamilton,CIN,65,1.8,9.4,10199
2020,Jose Altuve,HOU,74,0,0.4,5417
2019,Mallex Smith,SEA,74,1.4,8.5,13608
2016,Alcides Escobar,KCR,69,0.9,-1.1,6310
2020,Bryan Reynolds,PIT,70,0.1,-1.7,19326
2018,Billy Hamilton,CIN,68,1.9,8.4,10199
2018,Dee Strange-Gordon,SEA,75,0,3.5,8203
2017,Dansby Swanson,ATL,63,-0.2,1.6,18314
2015,Michael A. Taylor,WSN,69,-0.1,-0.3,11489
2022,Adam Frazier,SEA,81,1.1,-0.2,15223
2021,David Fletcher,LAA,69,0.8,3.3,17992
2017,Jose Peraza,CIN,61,0.1,2.8,13593
2020,Victor Robles,WSN,66,-0.1,1.3,18363
2017,Rougned Odor,TEX,56,-0.6,1.8,12282
2015,Alcides Escobar,KCR,66,1.5,4.8,6310
2021,Elvis Andrus,OAK,74,1.6,4.5,8709
2020,Marwin Gonzalez,MIN,69,0.5,0.9,5497
2017,Alex Gordon,KCR,62,-0.3,0.9,5209
2019,Orlando Arcia,MIL,61,-0.9,0.9,13185
2017,Alcides Escobar,KCR,61,0.9,3.5,6310
2015,Jean Segura,MIL,64,0.1,2.9,5933
2022,Miguel Rojas,MIA,73,1.2,-4,7802
2020,Jonathan Villar,- - -,64,-1.1,0.7,10071
2015,Wilson Ramos,WSN,62,-0.5,-1.7,1433
2016,Alexei Ramirez,- - -,63,-1.5,-2.6,5133
2020,Erik Gonzalez,PIT,60,0.2,0.2,13369
2020,Evan White,SEA,67,0.1,1,20078
2018,Alcides Escobar,KCR,59,-0.9,2.5,6310
2022,Myles Straw,CLE,64,2,7.6,17620
2020,Eduardo Escobar,ARI,56,-0.5,-0.9,6153
2016,Adeiny Hechavarria,MIA,59,0.6,1.8,10459
2020,Javier Baez,CHC,57,0.5,-0.4,12979
2015,Chris Owings,ARI,51,-1.1,4.6,10030
2020,Nicky Lopez,KCR,53,0.2,-2,19339
2021,Kevin Newman,PIT,53,-0.1,5.1,17696
2022,Jonathan Schoop,DET,57,1.5,-0.2,11265
2018,Chris Davis,BAL,46,-2.6,-1.8,9272
