,Week #,Day,Date,Time (ET),,Opponent,Score,Spread,Total,Notes,result_ats,spread,result,bears_pts,opp_pts,Round,,,,,score_diff,spread_margin
0,1,Sun,"Sep 11, 2022",1:00,,San Francisco 49ers,W 19-10,W +6,U 38,,W,+6,W,19,10,,,,,,9,15.0
1,2,Sun,"Sep 18, 2022",8:20,@,Green Bay Packers,L 10-27,L +10,U 41.5,,L,+10,L,10,27,,,,,,-17,-7.0
2,3,Sun,"Sep 25, 2022",1:00,,Houston Texans,W 23-20,P -3,O 39,,P,-3,W,23,20,,,,,,3,0.0
3,4,Sun,"Oct 2, 2022",1:00,@,New York Giants,L 12-20,L +3,U 39,,L,+3,L,12,20,,,,,,-8,-5.0
4,5,Sun,"Oct 9, 2022",1:00,@,Minnesota Vikings,L 22-29,W +7.5,O 44,,W,+7.5,L,22,29,,,,,,-7,0.5
5,6,Thu,"Oct 13, 2022",8:15,,Washington Commanders,L 7-12,L +1,U 38,,L,+1,L,7,12,,,,,,-5,-4.0
0,1,Sun,"Sep 12, 2021",8:20,@,Los Angeles Rams,L 14-34,L +8,O 46.5,,L,+8,L,14,34,,,,,,-20,-12.0
1,2,Sun,"Sep 19, 2021",1:00,,Cincinnati Bengals,W 20-17,W -1.5,U 44.5,,W,-1.5,W,20,17,,,,,,3,1.5
2,3,Sun,"Sep 26, 2021",1:00,@,Cleveland Browns,L 6-26,L +7.5,U 44.5,,L,+7.5,L,6,26,,,,,,-20,-12.5
3,4,Sun,"Oct 3, 2021",1:00,,Detroit Lions,W 24-14,W -3,U 41.5,,W,-3,W,24,14,,,,,,10,7.0
4,5,Sun,"Oct 10, 2021",4:04,@,Las Vegas Raiders,W 20-9,W +5.5,U 45.5,,W,+5.5,W,20,9,,,,,,11,16.5
5,6,Sun,"Oct 17, 2021",1:00,,Green Bay Packers,L 14-24,L +6,U 44,,L,+6,L,14,24,,,,,,-10,-4.0
6,7,Sun,"Oct 24, 2021",4:25,@,Tampa Bay Buccaneers,L 3-38,L +11.5,U 47,,L,+11.5,L,3,38,,,,,,-35,-23.5
7,8,Sun,"Oct 31, 2021",1:00,,San Francisco 49ers,L 22-33,L +4,O 39.5,,L,+4,L,22,33,,,,,,-11,-7.0
8,9,Mon,"Nov 8, 2021",8:15,@,Pittsburgh Steelers,L 27-29,W +6.5,O 38.5,,W,+6.5,L,27,29,,,,,,-2,4.5
9,11,Sun,"Nov 21, 2021",1:00,,Baltimore Ravens,L 13-16,W +5,U 43.5,,W,+5,L,13,16,,,,,,-3,2.0
10,12,Thu,"Nov 25, 2021",12:30,@,Detroit Lions,W 16-14,L -3,U 41,,L,-3,W,16,14,,,,,,2,-1.0
11,13,Sun,"Dec 5, 2021",1:00,,Arizona Cardinals,L 22-33,L +7.5,O 42,,L,+7.5,L,22,33,,,,,,-11,-3.5
12,14,Sun,"Dec 12, 2021",8:20,@,Green Bay Packers,L 30-45,L +11.5,O 43,,L,+11.5,L,30,45,,,,,,-15,-3.5
13,15,Mon,"Dec 20, 2021",8:15,,Minnesota Vikings,L 9-17,L +6.5,U 44.5,,L,+6.5,L,9,17,,,,,,-8,-1.5
14,16,Sun,"Dec 26, 2021",4:04,@,Seattle Seahawks,W 25-24,W +6.5,O 41.5,,W,+6.5,W,25,24,,,,,,1,7.5
15,17,Sun,"Jan 2, 2022",1:00,,New York Giants,W 29-3,W -6.5,U 36.5,,W,-6.5,W,29,3,,,,,,26,19.5
16,18,Sun,"Jan 9, 2022",1:00,@,Minnesota Vikings,L 17-31,L +4,O 44.5,,L,+4,L,17,31,,,,,,-14,-10.0
0,1,Sun,"Sep 13, 2020",1:00,@,Detroit Lions,W 27-23,W +2.5,O 42.5,,W,+2.5,W,27,23,,,,,,4,6.5
1,2,Sun,"Sep 20, 2020",1:00,,New York Giants,W 17-13,L -4.5,U 42.5,,L,-4.5,W,17,13,,,,,,4,-0.5
2,3,Sun,"Sep 27, 2020",1:00,@,Atlanta Falcons,W 30-26,W +2.5,O 46,,W,+2.5,W,30,26,,,,,,4,6.5
3,4,Sun,"Oct 4, 2020",1:00,,Indianapolis Colts,L 11-19,L +3.5,U 43.5,,L,+3.5,L,11,19,,,,,,-8,-4.5
4,5,Thu,"Oct 8, 2020",8:20,,Tampa Bay Buccaneers,W 20-19,W +3.5,U 44,,W,+3.5,W,20,19,,,,,,1,4.5
5,6,Sun,"Oct 18, 2020",1:00,@,Carolina Panthers,W 23-16,W +2,U 45,,W,+2,W,23,16,,,,,,7,9.0
6,7,Mon,"Oct 26, 2020",8:15,@,Los Angeles Rams,L 10-24,L +6.5,U 44,,L,+6.5,L,10,24,,,,,,-14,-7.5
7,8,Sun,"Nov 1, 2020",4:25,,New Orleans Saints,L 23-26 (OT),W +5.5,O 41,,W,+5.5,L,23,26,,,,,,-3,2.5
8,9,Sun,"Nov 8, 2020",1:00,@,Tennessee Titans,L 17-24,L +6.5,U 46.5,,L,+6.5,L,17,24,,,,,,-7,-0.5
9,10,Mon,"Nov 16, 2020",8:15,,Minnesota Vikings,L 13-19,L +3.5,U 44.5,,L,+3.5,L,13,19,,,,,,-6,-2.5
10,12,Sun,"Nov 29, 2020",8:20,@,Green Bay Packers,L 25-41,L +7.5,O 44,,L,+7.5,L,25,41,,,,,,-16,-8.5
11,13,Sun,"Dec 6, 2020",1:00,,Detroit Lions,L 30-34,L -3,O 44,,L,-3,L,30,34,,,,,,-4,-7.0
12,14,Sun,"Dec 13, 2020",1:00,,Houston Texans,W 36-7,W +1,U 46.5,,W,+1,W,36,7,,,,,,29,30.0
13,15,Sun,"Dec 20, 2020",1:00,@,Minnesota Vikings,W 33-27,W +2.5,O 47.5,,W,+2.5,W,33,27,,,,,,6,8.5
14,16,Sun,"Dec 27, 2020",1:00,@,Jacksonville Jaguars,W 41-17,W -9.5,O 47,,W,-9.5,W,41,17,,,,,,24,14.5
15,17,Sun,"Jan 3, 2021",4:25,,Green Bay Packers,L 16-35,L +4.5,O 48,,L,+4.5,L,16,35,,,,,,-19,-14.5
0,,Sun,"Jan 10, 2021",4:40,@,New Orleans Saints,L 9-21,L +11,U 48,,L,+11,L,9,21,NFC Wild Card,,,,,-12,-1.0
0,1,Thu,"Sep 5, 2019",8:20,,Green Bay Packers,L 3-10,L -3.5,U 47,,L,-3.5,L,3,10,,,,,,-7,-10.5
1,2,Sun,"Sep 15, 2019",4:25,@,Denver Broncos,W 16-14,L -3,U 41,,L,-3,W,16,14,,,,,,2,-1.0
2,3,Mon,"Sep 23, 2019",8:15,@,Washington Redskins,W 31-15,W -5,O 41,,W,-5,W,31,15,,,,,,16,11.0
3,4,Sun,"Sep 29, 2019",4:25,,Minnesota Vikings,W 16-6,W +1,U 38,,W,+1,W,16,6,,,,,,10,11.0
4,5,Sun,"Oct 6, 2019",1:00,N,Oakland Raiders,L 21-24,L -6.5,O 39.5,at London,L,-6.5,L,21,24,,,,,,-3,-9.5
5,7,Sun,"Oct 20, 2019",4:25,,New Orleans Saints,L 25-36,L -4,O 37,,L,-4,L,25,36,,,,,,-11,-15.0
6,8,Sun,"Oct 27, 2019",1:00,,Los Angeles Chargers,L 16-17,L -3.5,U 41,,L,-3.5,L,16,17,,,,,,-1,-4.5
7,9,Sun,"Nov 3, 2019",1:00,@,Philadelphia Eagles,L 14-22,L +5,U 41,,L,+5,L,14,22,,,,,,-8,-3.0
8,10,Sun,"Nov 10, 2019",1:00,,Detroit Lions,W 20-13,W -6,U 38,,W,-6,W,20,13,,,,,,7,1.0
9,11,Sun,"Nov 17, 2019",8:20,@,Los Angeles Rams,L 7-17,L +5,U 40,,L,+5,L,7,17,,,,,,-10,-5.0
10,12,Sun,"Nov 24, 2019",1:00,,New York Giants,W 19-14,L -6,U 41,,L,-6,W,19,14,,,,,,5,-1.0
11,13,Thu,"Nov 28, 2019",12:30,@,Detroit Lions,W 24-20,L -5.5,O 37.5,,L,-5.5,W,24,20,,,,,,4,-1.5
12,14,Thu,"Dec 5, 2019",8:20,,Dallas Cowboys,W 31-24,W +3,O 43,,W,+3,W,31,24,,,,,,7,10.0
13,15,Sun,"Dec 15, 2019",1:00,@,Green Bay Packers,L 13-21,L +4,U 40,,L,+4,L,13,21,,,,,,-8,-4.0
14,16,Sun,"Dec 22, 2019",8:20,,Kansas City Chiefs,L 3-26,L +6.5,U 45.5,,L,+6.5,L,3,26,,,,,,-23,-16.5
15,17,Sun,"Dec 29, 2019",1:00,@,Minnesota Vikings,W 21-19,L -5,O 36.5,,L,-5,W,21,19,,,,,,2,-3.0
0,1,Sun,"Sep 9, 2018",8:20,@,Green Bay Packers,L 23-24,W +6.5,O 45,,W,+6.5,L,23,24,,,,,,-1,5.5
1,2,Mon,"Sep 17, 2018",8:15,,Seattle Seahawks,W 24-17,W -4.5,U 42.5,,W,-4.5,W,24,17,,,,,,7,2.5
2,3,Sun,"Sep 23, 2018",4:25,@,Arizona Cardinals,W 16-14,L -5.5,U 39,,L,-5.5,W,16,14,,,,,,2,-3.5
3,4,Sun,"Sep 30, 2018",1:00,,Tampa Bay Buccaneers,W 48-10,W -3,O 46,,W,-3,W,48,10,,,,,,38,35.0
4,6,Sun,"Oct 14, 2018",1:00,@,Miami Dolphins,L 28-31 (OT),L -7.5,O 40.5,,L,-7.5,L,28,31,,,,,,-3,-10.5
5,7,Sun,"Oct 21, 2018",1:00,,New England Patriots,L 31-38,L +1,O 48.5,,L,+1,L,31,38,,,,,,-7,-6.0
6,8,Sun,"Oct 28, 2018",1:00,,New York Jets,W 24-10,W -8.5,U 42.5,,W,-8.5,W,24,10,,,,,,14,5.5
7,9,Sun,"Nov 4, 2018",1:00,@,Buffalo Bills,W 41-9,W -10.5,O 38,,W,-10.5,W,41,9,,,,,,32,21.5
8,10,Sun,"Nov 11, 2018",1:00,,Detroit Lions,W 34-22,W -7.5,O 44.5,,W,-7.5,W,34,22,,,,,,12,4.5
9,11,Sun,"Nov 18, 2018",8:20,,Minnesota Vikings,W 25-20,W -2.5,O 44,,W,-2.5,W,25,20,,,,,,5,2.5
10,12,Thu,"Nov 22, 2018",12:30,@,Detroit Lions,W 23-16,W -3,U 43,,W,-3,W,23,16,,,,,,7,4.0
11,13,Sun,"Dec 2, 2018",1:00,@,New York Giants,L 27-30 (OT),L -4,O 44,,L,-4,L,27,30,,,,,,-3,-7.0
12,14,Sun,"Dec 9, 2018",8:20,,Los Angeles Rams,W 15-6,W +3,U 51,,W,+3,W,15,6,,,,,,9,12.0
13,15,Sun,"Dec 16, 2018",1:00,,Green Bay Packers,W 24-17,W -5.5,U 46.5,,W,-5.5,W,24,17,,,,,,7,1.5
14,16,Sun,"Dec 23, 2018",4:04,@,San Francisco 49ers,W 14-9,W -4,U 44,,W,-4,W,14,9,,,,,,5,1.0
15,17,Sun,"Dec 30, 2018",4:25,@,Minnesota Vikings,W 24-10,W +6,U 40.5,,W,+6,W,24,10,,,,,,14,20.0
0,,Sun,"Jan 6, 2019",4:40,,Philadelphia Eagles,L 15-16,L -6.5,U 41.5,,L,-6.5,L,15,16,NFC Wild Card,,,,,-1,-7.5
0,1,Sun,"Sep 10, 2017",1:00,,Atlanta Falcons,L 17-23,W +6.5,U 48,,W,+6.5,L,17,23,,,,,,-6,0.5
1,2,Sun,"Sep 17, 2017",1:00,@,Tampa Bay Buccaneers,L 7-29,L +7,U 44,,L,+7,L,7,29,,,,,,-22,-15.0
2,3,Sun,"Sep 24, 2017",1:00,,Pittsburgh Steelers,W 23-17 (OT),W +7,U 43.5,,W,+7,W,23,17,,,,,,6,13.0
3,4,Thu,"Sep 28, 2017",8:24,@,Green Bay Packers,L 14-35,L +7.5,O 44,,L,+7.5,L,14,35,,,,,,-21,-13.5
4,5,Mon,"Oct 9, 2017",8:30,,Minnesota Vikings,L 17-20,W +3.5,U 41,,W,+3.5,L,17,20,,,,,,-3,0.5
5,6,Sun,"Oct 15, 2017",1:00,@,Baltimore Ravens,W 27-24 (OT),W +5.5,O 39.5,,W,+5.5,W,27,24,,,,,,3,8.5
6,7,Sun,"Oct 22, 2017",1:00,,Carolina Panthers,W 17-3,W +2.5,U 39.5,,W,+2.5,W,17,3,,,,,,14,16.5
7,8,Sun,"Oct 29, 2017",1:00,@,New Orleans Saints,L 12-20,L +7.5,U 46,,L,+7.5,L,12,20,,,,,,-8,-0.5
8,10,Sun,"Nov 12, 2017",1:00,,Green Bay Packers,L 16-23,L -4.5,O 37.5,,L,-4.5,L,16,23,,,,,,-7,-11.5
9,11,Sun,"Nov 19, 2017",1:00,,Detroit Lions,L 24-27,P +3,O 41,,P,+3,L,24,27,,,,,,-3,0.0
10,12,Sun,"Nov 26, 2017",1:00,@,Philadelphia Eagles,L 3-31,L +14,U 43.5,,L,+14,L,3,31,,,,,,-28,-14.0
11,13,Sun,"Dec 3, 2017",1:00,,San Francisco 49ers,L 14-15,L -2.5,U 42,,L,-2.5,L,14,15,,,,,,-1,-3.5
12,14,Sun,"Dec 10, 2017",1:00,@,Cincinnati Bengals,W 33-7,W +6,U 40.5,,W,+6,W,33,7,,,,,,26,32.0
13,15,Sat,"Dec 16, 2017",4:30,@,Detroit Lions,L 10-20,L +5,U 43.5,,L,+5,L,10,20,,,,,,-10,-5.0
14,16,Sun,"Dec 24, 2017",1:00,,Cleveland Browns,W 20-3,W -5.5,U 37,,W,-5.5,W,20,3,,,,,,17,11.5
15,17,Sun,"Dec 31, 2017",1:00,@,Minnesota Vikings,L 10-23,W +13.5,U 38.5,,W,+13.5,L,10,23,,,,,,-13,0.5
0,1,Sun,"Sep 11, 2016",1:05,@,Houston Texans,L 14-23,L +5.5,U 43,,L,+5.5,L,14,23,,,,,,-9,-3.5
1,2,Mon,"Sep 19, 2016",8:30,,Philadelphia Eagles,L 14-29,L -3,O 42.5,,L,-3,L,14,29,,,,,,-15,-18.0
2,3,Sun,"Sep 25, 2016",8:31,@,Dallas Cowboys,L 17-31,L +6.5,O 44.5,,L,+6.5,L,17,31,,,,,,-14,-7.5
3,4,Sun,"Oct 2, 2016",1:00,,Detroit Lions,W 17-14,W +3,U 48,,W,+3,W,17,14,,,,,,3,6.0
4,5,Sun,"Oct 9, 2016",1:02,@,Indianapolis Colts,L 23-29,L +4,O 47.5,,L,+4,L,23,29,,,,,,-6,-2.0
5,6,Sun,"Oct 16, 2016",1:02,,Jacksonville Jaguars,L 16-17,L -2.5,U 46,,L,-2.5,L,16,17,,,,,,-1,-3.5
6,7,Thu,"Oct 20, 2016",8:26,@,Green Bay Packers,L 10-26,L +7.5,U 46.5,,L,+7.5,L,10,26,,,,,,-16,-8.5
7,8,Mon,"Oct 31, 2016",8:31,,Minnesota Vikings,W 20-10,W +4.5,U 39.5,,W,+4.5,W,20,10,,,,,,10,14.5
8,10,Sun,"Nov 13, 2016",1:00,@,Tampa Bay Buccaneers,L 10-36,L -2.5,O 45,,L,-2.5,L,10,36,,,,,,-26,-28.5
9,11,Sun,"Nov 20, 2016",1:00,@,New York Giants,L 16-22,W +7,U 41.5,,W,+7,L,16,22,,,,,,-6,1.0
10,12,Sun,"Nov 27, 2016",1:00,,Tennessee Titans,L 21-27,W +6.5,O 41.5,,W,+6.5,L,21,27,,,,,,-6,0.5
11,13,Sun,"Dec 4, 2016",1:00,,San Francisco 49ers,W 26-6,W PK,U 44,,W,0,W,26,6,,,,,,20,20.0
12,14,Sun,"Dec 11, 2016",1:00,@,Detroit Lions,L 17-20,W +7.5,U 42,,W,+7.5,L,17,20,,,,,,-3,4.5
13,15,Sun,"Dec 18, 2016",1:00,,Green Bay Packers,L 27-30,W +4.5,O 40,,W,+4.5,L,27,30,,,,,,-3,1.5
14,16,Sat,"Dec 24, 2016",1:00,,Washington Redskins,L 21-41,L +3,O 49,,L,+3,L,21,41,,,,,,-20,-17.0
15,17,Sun,"Jan 1, 2017",1:00,@,Minnesota Vikings,L 10-38,L +6,O 44,,L,+6,L,10,38,,,,,,-28,-22.0
0,1,Sun,"Sep 13, 2015",1:00,,Green Bay Packers,L 23-31,L +6.5,O 49,,L,+6.5,L,23,31,,,,,,-8,-1.5
1,2,Sun,"Sep 20, 2015",1:00,,Arizona Cardinals,L 23-48,L +2,O 46,,L,+2,L,23,48,,,,,,-25,-23.0
2,3,Sun,"Sep 27, 2015",4:26,@,Seattle Seahawks,L 0-26,L +14.5,U 43.5,,L,+14.5,L,0,26,,,,,,-26,-11.5
3,4,Sun,"Oct 4, 2015",1:02,,Oakland Raiders,W 22-20,W +3,U 44,,W,+3,W,22,20,,,,,,2,5.0
4,5,Sun,"Oct 11, 2015",1:02,@,Kansas City Chiefs,W 18-17,W +9,U 45,,W,+9,W,18,17,,,,,,1,10.0
5,6,Sun,"Oct 18, 2015",1:02,@,Detroit Lions,L 34-37 (OT),P +3,O 44,,P,+3,L,34,37,,,,,,-3,0.0
6,8,Sun,"Nov 1, 2015",1:00,,Minnesota Vikings,L 20-23,L +1,P 43,,L,+1,L,20,23,,,,,,-3,-2.0
7,9,Mon,"Nov 9, 2015",8:30,@,San Diego Chargers,W 22-19,W +4.5,U 49.5,,W,+4.5,W,22,19,,,,,,3,7.5
8,10,Sun,"Nov 15, 2015",1:00,@,St Louis Rams,W 37-13,W +6.5,O 42.5,,W,+6.5,W,37,13,,,,,,24,30.5
9,11,Sun,"Nov 22, 2015",1:02,,Denver Broncos,L 15-17,L +1,U 41,,L,+1,L,15,17,,,,,,-2,-1.0
10,12,Thu,"Nov 26, 2015",8:30,@,Green Bay Packers,W 17-13,W +8.5,U 44.5,,W,+8.5,W,17,13,,,,,,4,12.5
11,13,Sun,"Dec 6, 2015",1:02,,San Francisco 49ers,L 20-26 (OT),L -6.5,O 43.5,,L,-6.5,L,20,26,,,,,,-6,-12.5
12,14,Sun,"Dec 13, 2015",1:02,,Washington Redskins,L 21-24,L -3.5,O 43,,L,-3.5,L,21,24,,,,,,-3,-6.5
13,15,Sun,"Dec 20, 2015",1:02,@,Minnesota Vikings,L 17-38,L +5.5,O 43,,L,+5.5,L,17,38,,,,,,-21,-15.5
14,16,Sun,"Dec 27, 2015",1:02,@,Tampa Bay Buccaneers,W 26-21,W +3,O 45,,W,+3,W,26,21,,,,,,5,8.0
15,17,Sun,"Jan 3, 2016",1:02,,Detroit Lions,L 20-24,L +1,U 45.5,,L,+1,L,20,24,,,,,,-4,-3.0
0,1,Sun,"Sep 7, 2014",1:00,,Buffalo Bills,L 20-23 (OT),L -7,U 47,,L,-7,L,20,23,,,,,,-3,-10.0
1,2,Sun,"Sep 14, 2014",8:31,@,San Francisco 49ers,W 28-20,W +7,O 47.5,,W,+7,W,28,20,,,,,,8,15.0
2,3,Mon,"Sep 22, 2014",8:30,@,New York Jets,W 27-19,W +2.5,O 44,,W,+2.5,W,27,19,,,,,,8,10.5
3,4,Sun,"Sep 28, 2014",1:02,,Green Bay Packers,L 17-38,L +1.5,O 51.5,,L,+1.5,L,17,38,,,,,,-21,-19.5
4,5,Sun,"Oct 5, 2014",1:02,@,Carolina Panthers,L 24-31,L +2.5,O 45.5,,L,+2.5,L,24,31,,,,,,-7,-4.5
5,6,Sun,"Oct 12, 2014",4:25,@,Atlanta Falcons,W 27-13,W +3.5,U 55.5,,W,+3.5,W,27,13,,,,,,14,17.5
6,7,Sun,"Oct 19, 2014",1:00,,Miami Dolphins,L 14-27,L -3,U 47.5,,L,-3,L,14,27,,,,,,-13,-16.0
7,8,Sun,"Oct 26, 2014",1:02,@,New England Patriots,L 23-51,L +6,O 52,,L,+6,L,23,51,,,,,,-28,-22.0
8,10,Sun,"Nov 9, 2014",8:30,@,Green Bay Packers,L 14-55,L +9.5,O 54,,L,+9.5,L,14,55,,,,,,-41,-31.5
9,11,Sun,"Nov 16, 2014",1:02,,Minnesota Vikings,W 21-13,W -2.5,U 46.5,,W,-2.5,W,21,13,,,,,,8,5.5
10,12,Sun,"Nov 23, 2014",1:02,,Tampa Bay Buccaneers,W 21-13,W -4.5,U 46.5,,W,-4.5,W,21,13,,,,,,8,3.5
11,13,Thu,"Nov 27, 2014",12:39,@,Detroit Lions,L 17-34,L +7,O 46.5,,L,+7,L,17,34,,,,,,-17,-10.0
12,14,Thu,"Dec 4, 2014",8:26,,Dallas Cowboys,L 28-41,L +4,O 50.5,,L,+4,L,28,41,,,,,,-13,-9.0
13,15,Mon,"Dec 15, 2014",8:30,,New Orleans Saints,L 15-31,L +3,U 53.5,,L,+3,L,15,31,,,,,,-16,-13.0
14,16,Sun,"Dec 21, 2014",1:02,,Detroit Lions,L 14-20,W +10,U 44.5,,W,+10,L,14,20,,,,,,-6,4.0
15,17,Sun,"Dec 28, 2014",1:02,@,Minnesota Vikings,L 9-13,W +7,U 46.5,,W,+7,L,9,13,,,,,,-4,3.0
0,1,Sun,"Sep 8, 2013",1:02,,Cincinnati Bengals,W 24-21,P -3,O 41.5,,P,-3,W,24,21,,,,,,3,0.0
1,2,Sun,"Sep 15, 2013",1:02,,Minnesota Vikings,W 31-30,L -6.5,O 41,,L,-6.5,W,31,30,,,,,,1,-5.5
2,3,Sun,"Sep 22, 2013",8:30,@,Pittsburgh Steelers,W 40-23,W -2.5,O 40.5,,W,-2.5,W,40,23,,,,,,17,14.5
3,4,Sun,"Sep 29, 2013",1:02,@,Detroit Lions,L 32-40,L +2.5,O 48,,L,+2.5,L,32,40,,,,,,-8,-5.5
4,5,Sun,"Oct 6, 2013",1:02,,New Orleans Saints,L 18-26,L +1.5,U 50.5,,L,+1.5,L,18,26,,,,,,-8,-6.5
5,6,Thu,"Oct 10, 2013",8:28,,New York Giants,W 27-21,L -8.5,O 46.5,,L,-8.5,W,27,21,,,,,,6,-2.5
6,7,Sun,"Oct 20, 2013",1:05,@,Washington Redskins,L 41-45,L -1,O 47.5,,L,-1,L,41,45,,,,,,-4,-5.0
7,9,Mon,"Nov 4, 2013",8:40,@,Green Bay Packers,W 27-20,W +9.5,U 50.5,,W,+9.5,W,27,20,,,,,,7,16.5
8,10,Sun,"Nov 10, 2013",1:02,,Detroit Lions,L 19-21,L +1.5,U 52,,L,+1.5,L,19,21,,,,,,-2,-0.5
9,11,Sun,"Nov 17, 2013",1:02,,Baltimore Ravens,W 23-20 (OT),L -3.5,O 40.5,,L,-3.5,W,23,20,,,,,,3,-0.5
10,12,Sun,"Nov 24, 2013",1:00,@,St Louis Rams,L 21-42,L +1.5,O 46,,L,+1.5,L,21,42,,,,,,-21,-19.5
11,13,Sun,"Dec 1, 2013",1:05,@,Minnesota Vikings,L 20-23 (OT),L +1,U 48.5,,L,+1,L,20,23,,,,,,-3,-2.0
12,14,Mon,"Dec 9, 2013",8:40,,Dallas Cowboys,W 45-28,W -1.5,O 49,,W,-1.5,W,45,28,,,,,,17,15.5
13,15,Sun,"Dec 15, 2013",1:02,@,Cleveland Browns,W 38-31,W +1,O 43.5,,W,+1,W,38,31,,,,,,7,8.0
14,16,Sun,"Dec 22, 2013",8:30,@,Philadelphia Eagles,L 11-54,L +3,O 53.5,,L,+3,L,11,54,,,,,,-43,-40.0
15,17,Sun,"Dec 29, 2013",4:25,,Green Bay Packers,L 28-33,L +3,O 51,,L,+3,L,28,33,,,,,,-5,-2.0
0,1,Sun,"Sep 9, 2012",1:02,,Indianapolis Colts,W 41-21,W -10,O 42.5,,W,-10,W,41,21,,,,,,20,10.0
1,2,Thu,"Sep 13, 2012",8:28,@,Green Bay Packers,L 10-23,L +5.5,U 51,,L,+5.5,L,10,23,,,,,,-13,-7.5
2,3,Sun,"Sep 23, 2012",1:04,,St Louis Rams,W 23-6,W -7,U 42,,W,-7,W,23,6,,,,,,17,10.0
3,4,Mon,"Oct 1, 2012",8:40,@,Dallas Cowboys,W 34-18,W +3,O 41.5,,W,+3,W,34,18,,,,,,16,19.0
4,5,Sun,"Oct 7, 2012",4:04,@,Jacksonville Jaguars,W 41-3,W -6.5,O 40,,W,-6.5,W,41,3,,,,,,38,31.5
5,7,Mon,"Oct 22, 2012",8:40,,Detroit Lions,W 13-7,L -6.5,U 47,,L,-6.5,W,13,7,,,,,,6,-0.5
6,8,Sun,"Oct 28, 2012",1:02,,Carolina Panthers,W 23-22,L -7.5,O 41.5,,L,-7.5,W,23,22,,,,,,1,-6.5
7,9,Sun,"Nov 4, 2012",1:04,@,Tennessee Titans,W 51-20,W -5,O 43.5,,W,-5,W,51,20,,,,,,31,26.0
8,10,Sun,"Nov 11, 2012",8:31,,Houston Texans,L 6-13,L -1,U 40,,L,-1,L,6,13,,,,,,-7,-8.0
9,11,Mon,"Nov 19, 2012",8:40,@,San Francisco 49ers,L 7-32,L +5,O 35,,L,+5,L,7,32,,,,,,-25,-20.0
10,12,Sun,"Nov 25, 2012",1:00,,Minnesota Vikings,W 28-10,W -6.5,U 39,,W,-6.5,W,28,10,,,,,,18,11.5
11,13,Sun,"Dec 2, 2012",1:02,,Seattle Seahawks,L 17-23 (OT),L -3.5,O 37,,L,-3.5,L,17,23,,,,,,-6,-9.5
12,14,Sun,"Dec 9, 2012",1:05,@,Minnesota Vikings,L 14-21,L -1.5,U 40.5,,L,-1.5,L,14,21,,,,,,-7,-8.5
13,15,Sun,"Dec 16, 2012",1:02,,Green Bay Packers,L 13-21,L +3,U 43.5,,L,+3,L,13,21,,,,,,-8,-5.0
14,16,Sun,"Dec 23, 2012",4:25,@,Arizona Cardinals,W 28-13,W -7,O 36.5,,W,-7,W,28,13,,,,,,15,8.0
15,17,Sun,"Dec 30, 2012",1:02,@,Detroit Lions,W 26-24,L -3,O 46,,L,-3,W,26,24,,,,,,2,-1.0
0,1,Sun,"Sep 11, 2011",1:06,,Atlanta Falcons,W 30-12,W +1.5,O 41,,W,+1.5,W,30,12,,,,,,18,19.5
1,2,Sun,"Sep 18, 2011",1:02,@,New Orleans Saints,L 13-30,L +5,U 46.5,,L,+5,L,13,30,,,,,,-17,-12.0
2,3,Sun,"Sep 25, 2011",4:15,,Green Bay Packers,L 17-27,L +5,U 45.5,,L,+5,L,17,27,,,,,,-10,-5.0
3,4,Sun,"Oct 2, 2011",1:04,,Carolina Panthers,W 34-29,L -7,O 42,,L,-7,W,34,29,,,,,,5,-2.0
4,5,Mon,"Oct 10, 2011",8:40,@,Detroit Lions,L 13-24,L +7,U 47,,L,+7,L,13,24,,,,,,-11,-4.0
5,6,Sun,"Oct 16, 2011",8:30,,Minnesota Vikings,W 39-10,W -2.5,O 42,,W,-2.5,W,39,10,,,,,,29,26.5
6,7,Sun,"Oct 23, 2011",1:05,N,Tampa Bay Buccaneers,W 24-18,W -2,U 44,at London,W,-2,W,24,18,,,,,,6,4.0
7,9,Mon,"Nov 7, 2011",8:41,@,Philadelphia Eagles,W 30-24,W +8,O 47.5,,W,+8,W,30,24,,,,,,6,14.0
8,10,Sun,"Nov 13, 2011",4:16,,Detroit Lions,W 37-13,W -3,O 42.5,,W,-3,W,37,13,,,,,,24,21.0
9,11,Sun,"Nov 20, 2011",4:16,,San Diego Chargers,W 31-20,W -4.5,O 45.5,,W,-4.5,W,31,20,,,,,,11,6.5
10,12,Sun,"Nov 27, 2011",4:04,@,Oakland Raiders,L 20-25,L +3,O 41,,L,+3,L,20,25,,,,,,-5,-2.0
11,13,Sun,"Dec 4, 2011",1:02,,Kansas City Chiefs,L 3-10,L -9,U 35,,L,-9,L,3,10,,,,,,-7,-16.0
12,14,Sun,"Dec 11, 2011",4:04,@,Denver Broncos,L 10-13 (OT),W +3.5,U 35.5,,W,+3.5,L,10,13,,,,,,-3,0.5
13,15,Sun,"Dec 18, 2011",1:02,,Seattle Seahawks,L 14-38,L -3.5,O 35,,L,-3.5,L,14,38,,,,,,-24,-27.5
14,16,Sun,"Dec 25, 2011",8:30,@,Green Bay Packers,L 21-35,L +13,O 42,,L,+13,L,21,35,,,,,,-14,-1.0
15,17,Sun,"Jan 1, 2012",1:05,@,Minnesota Vikings,W 17-13,W +2.5,U 42,,W,+2.5,W,17,13,,,,,,4,6.5
0,1,Sun,"Sep 12, 2010",1:02,,Detroit Lions,W 19-14,L -6.5,U 45,,L,-6.5,W,19,14,,,,,,5,-1.5
1,2,Sun,"Sep 19, 2010",1:05,@,Dallas Cowboys,W 27-20,W +7,O 41.5,,W,+7,W,27,20,,,,,,7,14.0
2,3,Mon,"Sep 27, 2010",8:40,,Green Bay Packers,W 20-17,W +3,U 46.5,,W,+3,W,20,17,,,,,,3,6.0
3,4,Sun,"Oct 3, 2010",8:31,@,New York Giants,L 3-17,L +3.5,U 44,,L,+3.5,L,3,17,,,,,,-14,-10.5
4,5,Sun,"Oct 10, 2010",1:02,@,Carolina Panthers,W 23-6,W +3,U 33,,W,+3,W,23,6,,,,,,17,20.0
5,6,Sun,"Oct 17, 2010",1:02,,Seattle Seahawks,L 20-23,L -6,O 38,,L,-6,L,20,23,,,,,,-3,-9.0
6,7,Sun,"Oct 24, 2010",1:04,,Washington Redskins,L 14-17,L -3,U 40,,L,-3,L,14,17,,,,,,-3,-6.0
7,9,Sun,"Nov 7, 2010",1:02,@,Buffalo Bills,W 22-19,P -3,U 41.5,at Toronto,P,-3,W,22,19,,,,,,3,0.0
8,10,Sun,"Nov 14, 2010",1:02,,Minnesota Vikings,W 27-13,W +1,U 41.5,,W,+1,W,27,13,,,,,,14,15.0
9,11,Thu,"Nov 18, 2010",8:28,@,Miami Dolphins,W 16-0,W +2,U 40,,W,+2,W,16,0,,,,,,16,18.0
10,12,Sun,"Nov 28, 2010",4:15,,Philadelphia Eagles,W 31-26,W +3.5,O 43,,W,+3.5,W,31,26,,,,,,5,8.5
11,13,Sun,"Dec 5, 2010",1:02,@,Detroit Lions,W 24-20,L -5.5,O 43.5,,L,-5.5,W,24,20,,,,,,4,-1.5
12,14,Sun,"Dec 12, 2010",4:16,,New England Patriots,L 7-36,L +3,O 37,,L,+3,L,7,36,,,,,,-29,-26.0
13,15,Mon,"Dec 20, 2010",8:40,@,Minnesota Vikings,W 40-14,W -7,O 33,at Univ of Minnesota,W,-7,W,40,14,,,,,,26,19.0
14,16,Sun,"Dec 26, 2010",1:02,,New York Jets,W 38-34,W -3,O 36,,W,-3,W,38,34,,,,,,4,1.0
15,17,Sun,"Jan 2, 2011",4:15,@,Green Bay Packers,L 3-10,W +10.5,U 43.5,,W,+10.5,L,3,10,,,,,,-7,3.5
0,,Sun,"Jan 16, 2011",1:05,,Seattle Seahawks,W 35-24,W -10,O 43,,W,-10,W,35,24,NFC Divisional,,,,,11,1.0
1,,Sun,"Jan 23, 2011",3:05,,Green Bay Packers,L 14-21,L +3.5,U 42.5,,L,+3.5,L,14,21,NFC Championship,,,,,-7,-3.5
0,1,Sun,"Sep 13, 2009",8:30,@,Green Bay Packers,L 15-21,L +5,U 47,,L,+5,L,15,21,,,,,,-6,-1.0
1,2,Sun,"Sep 20, 2009",4:15,,Pittsburgh Steelers,W 17-14,W +3,U 38.5,,W,+3,W,17,14,,,,,,3,6.0
2,3,Sun,"Sep 27, 2009",4:05,@,Seattle Seahawks,W 25-19,W -2.5,O 37.5,,W,-2.5,W,25,19,,,,,,6,3.5
3,4,Sun,"Oct 4, 2009",1:02,,Detroit Lions,W 48-24,W -9.5,O 43,,W,-9.5,W,48,24,,,,,,24,14.5
4,6,Sun,"Oct 18, 2009",8:30,@,Atlanta Falcons,L 14-21,L +3.5,U 45.5,,L,+3.5,L,14,21,,,,,,-7,-3.5
5,7,Sun,"Oct 25, 2009",4:16,@,Cincinnati Bengals,L 10-45,L -2,O 43,,L,-2,L,10,45,,,,,,-35,-37.0
6,8,Sun,"Nov 1, 2009",1:00,,Cleveland Browns,W 30-6,W -13.5,U 40,,W,-13.5,W,30,6,,,,,,24,10.5
7,9,Sun,"Nov 8, 2009",1:02,,Arizona Cardinals,L 21-41,L -3,O 44.5,,L,-3,L,21,41,,,,,,-20,-23.0
8,10,Thu,"Nov 12, 2009",8:20,@,San Francisco 49ers,L 6-10,L +3,U 43.5,,L,+3,L,6,10,,,,,,-4,-1.0
9,11,Sun,"Nov 22, 2009",8:30,,Philadelphia Eagles,L 20-24,L +3.5,U 47,,L,+3.5,L,20,24,,,,,,-4,-0.5
10,12,Sun,"Nov 29, 2009",4:15,@,Minnesota Vikings,L 10-36,L +10,U 47,,L,+10,L,10,36,,,,,,-26,-16.0
11,13,Sun,"Dec 6, 2009",1:02,,St Louis Rams,W 17-9,L -9,U 41,,L,-9,W,17,9,,,,,,8,-1.0
12,14,Sun,"Dec 13, 2009",1:02,,Green Bay Packers,L 14-21,L +4,U 42,,L,+4,L,14,21,,,,,,-7,-3.0
13,15,Sun,"Dec 20, 2009",4:15,@,Baltimore Ravens,L 7-31,L +11,U 39,,L,+11,L,7,31,,,,,,-24,-13.0
14,16,Mon,"Dec 28, 2009",8:40,,Minnesota Vikings,W 36-30 (OT),W +8.5,O 42,,W,+8.5,W,36,30,,,,,,6,14.5
15,17,Sun,"Jan 3, 2010",1:02,@,Detroit Lions,W 37-23,W -4.5,O 44.5,,W,-4.5,W,37,23,,,,,,14,9.5
0,1,Sun,"Sep 7, 2008",8:23,@,Indianapolis Colts,W 29-13,W +10,U 44,,W,+10,W,29,13,,,,,,16,26.0
1,2,Sun,"Sep 14, 2008",1:02,@,Carolina Panthers,L 17-20,P +3,U 37.5,,P,+3,L,17,20,,,,,,-3,0.0
2,3,Sun,"Sep 21, 2008",1:02,,Tampa Bay Buccaneers,L 24-27 (OT),L -3,O 35,,L,-3,L,24,27,,,,,,-3,-6.0
3,4,Sun,"Sep 28, 2008",8:23,,Philadelphia Eagles,W 24-20,W +3,O 39,,W,+3,W,24,20,,,,,,4,7.0
4,5,Sun,"Oct 5, 2008",1:02,@,Detroit Lions,W 34-7,W -3,U 45.5,,W,-3,W,34,7,,,,,,27,24.0
5,6,Sun,"Oct 12, 2008",1:02,@,Atlanta Falcons,L 20-22,L -3,U 43.5,,L,-3,L,20,22,,,,,,-2,-5.0
6,7,Sun,"Oct 19, 2008",1:02,,Minnesota Vikings,W 48-41,W -3,O 38,,W,-3,W,48,41,,,,,,7,4.0
7,9,Sun,"Nov 2, 2008",1:02,,Detroit Lions,W 27-23,L -12.5,O 43.5,,L,-12.5,W,27,23,,,,,,4,-8.5
8,10,Sun,"Nov 9, 2008",1:02,,Tennessee Titans,L 14-21,L +3,U 37,,L,+3,L,14,21,,,,,,-7,-4.0
9,11,Sun,"Nov 16, 2008",1:02,@,Green Bay Packers,L 3-37,L +3.5,U 43,,L,+3.5,L,3,37,,,,,,-34,-30.5
10,12,Sun,"Nov 23, 2008",1:00,@,St Louis Rams,W 27-3,W -7,U 44.5,,W,-7,W,27,3,,,,,,24,17.0
11,13,Sun,"Nov 30, 2008",8:15,@,Minnesota Vikings,L 14-34,L +5,O 42.5,,L,+5,L,14,34,,,,,,-20,-15.0
12,14,Sun,"Dec 7, 2008",1:02,,Jacksonville Jaguars,W 23-10,W -6.5,U 40,,W,-6.5,W,23,10,,,,,,13,6.5
13,15,Thu,"Dec 11, 2008",8:13,,New Orleans Saints,W 27-24 (OT),P -3,O 46,,P,-3,W,27,24,,,,,,3,0.0
14,16,Mon,"Dec 22, 2008",8:40,,Green Bay Packers,W 20-17 (OT),L -4,U 40,,L,-4,W,20,17,,,,,,3,-1.0
15,17,Sun,"Dec 28, 2008",1:02,@,Houston Texans,L 24-31,L +3,O 46,,L,+3,L,24,31,,,,,,-7,-4.0
0,1,Sun,"Sep 9, 2007",4:15,@,San Diego Chargers,L 3-14,L +6,U 42.5,,L,+6,L,3,14,,,,,,-11,-5.0
1,2,Sun,"Sep 16, 2007",4:15,,Kansas City Chiefs,W 20-10,L -12,U 34.5,,L,-12,W,20,10,,,,,,10,-2.0
2,3,Sun,"Sep 23, 2007",8:24,,Dallas Cowboys,L 10-34,L -3,O 41.5,,L,-3,L,10,34,,,,,,-24,-27.0
3,4,Sun,"Sep 30, 2007",1:02,@,Detroit Lions,L 27-37,L -2.5,O 46,,L,-2.5,L,27,37,,,,,,-10,-12.5
4,5,Sun,"Oct 7, 2007",8:24,@,Green Bay Packers,W 27-20,W +3.5,O 40.5,,W,+3.5,W,27,20,,,,,,7,10.5
5,6,Sun,"Oct 14, 2007",1:02,,Minnesota Vikings,L 31-34,L -4.5,O 35.5,,L,-4.5,L,31,34,,,,,,-3,-7.5
6,7,Sun,"Oct 21, 2007",4:14,@,Philadelphia Eagles,W 19-16,W +5.5,U 43,,W,+5.5,W,19,16,,,,,,3,8.5
7,8,Sun,"Oct 28, 2007",1:05,,Detroit Lions,L 7-16,L -6,U 45.5,,L,-6,L,7,16,,,,,,-9,-15.0
8,10,Sun,"Nov 11, 2007",4:15,@,Oakland Raiders,W 17-6,W -3.5,U 38,,W,-3.5,W,17,6,,,,,,11,7.5
9,11,Sun,"Nov 18, 2007",4:16,@,Seattle Seahawks,L 23-30,L +5.5,O 37.5,,L,+5.5,L,23,30,,,,,,-7,-1.5
10,12,Sun,"Nov 25, 2007",4:16,,Denver Broncos,W 37-34 (OT),W -1,O 41.5,,W,-1,W,37,34,,,,,,3,2.0
11,13,Sun,"Dec 2, 2007",4:15,,New York Giants,L 16-21,L +1,U 39,,L,+1,L,16,21,,,,,,-5,-4.0
12,14,Thu,"Dec 6, 2007",8:16,@,Washington Redskins,L 16-24,L +3,P 40,,L,+3,L,16,24,,,,,,-8,-5.0
13,15,Mon,"Dec 17, 2007",8:40,@,Minnesota Vikings,L 13-20,W +10.5,U 43.5,,W,+10.5,L,13,20,,,,,,-7,3.5
14,16,Sun,"Dec 23, 2007",1:02,,Green Bay Packers,W 35-7,W +7.5,O 32,,W,+7.5,W,35,7,,,,,,28,35.5
15,17,Sun,"Dec 30, 2007",1:00,,New Orleans Saints,W 33-25,W -1,O 42,,W,-1,W,33,25,,,,,,8,7.0
0,1,Sun,"Sep 10, 2006",4:15,@,Green Bay Packers,W 26-0,W -3.5,U 35,,W,-3.5,W,26,0,,,,,,26,22.5
1,2,Sun,"Sep 17, 2006",1:02,,Detroit Lions,W 34-7,W -7,O 32,,W,-7,W,34,7,,,,,,27,20.0
2,3,Sun,"Sep 24, 2006",1:05,@,Minnesota Vikings,W 19-16,L -3.5,P 35,,L,-3.5,W,19,16,,,,,,3,-0.5
3,4,Sun,"Oct 1, 2006",8:21,,Seattle Seahawks,W 37-6,W -3.5,O 37,,W,-3.5,W,37,6,,,,,,31,27.5
4,5,Sun,"Oct 8, 2006",1:02,,Buffalo Bills,W 40-7,W -9.5,O 34.5,,W,-9.5,W,40,7,,,,,,33,23.5
5,6,Mon,"Oct 16, 2006",8:42,@,Arizona Cardinals,W 24-23,L -13,O 40.5,,L,-13,W,24,23,,,,,,1,-12.0
6,8,Sun,"Oct 29, 2006",1:02,,San Francisco 49ers,W 41-10,W -16.5,O 42,,W,-16.5,W,41,10,,,,,,31,14.5
7,9,Sun,"Nov 5, 2006",1:02,,Miami Dolphins,L 13-31,L -13.5,O 37.5,,L,-13.5,L,13,31,,,,,,-18,-31.5
8,10,Sun,"Nov 12, 2006",8:21,@,New York Giants,W 38-20,W +1,O 37.5,,W,+1,W,38,20,,,,,,18,19.0
9,11,Sun,"Nov 19, 2006",1:04,@,New York Jets,W 10-0,W -5.5,U 40.5,,W,-5.5,W,10,0,,,,,,10,4.5
10,12,Sun,"Nov 26, 2006",4:15,@,New England Patriots,L 13-17,L +3.5,U 38,,L,+3.5,L,13,17,,,,,,-4,-0.5
11,13,Sun,"Dec 3, 2006",1:02,,Minnesota Vikings,W 23-13,W -9,O 34.5,,W,-9,W,23,13,,,,,,10,1.0
12,14,Mon,"Dec 11, 2006",8:30,@,St Louis Rams,W 42-27,W -6.5,O 41.5,,W,-6.5,W,42,27,,,,,,15,8.5
13,15,Sun,"Dec 17, 2006",1:05,,Tampa Bay Buccaneers,W 34-31 (OT),L -13.5,O 35,,L,-13.5,W,34,31,,,,,,3,-10.5
14,16,Sun,"Dec 24, 2006",1:02,@,Detroit Lions,W 26-21,L -6,O 41.5,,L,-6,W,26,21,,,,,,5,-1.0
15,17,Sun,"Dec 31, 2006",8:15,,Green Bay Packers,L 7-26,L -2.5,U 37,,L,-2.5,L,7,26,,,,,,-19,-21.5
0,,Sun,"Jan 14, 2007",1:06,,Seattle Seahawks,W 27-24 (OT),L -9.5,O 37.5,,L,-9.5,W,27,24,NFC Divisional,,,,,3,-6.5
1,,Sun,"Jan 21, 2007",3:06,,New Orleans Saints,W 39-14,W -3,O 43,,W,-3,W,39,14,NFC Championship,,,,,25,22.0
2,,Sun,"Feb 4, 2007",6:27,N,Indianapolis Colts,L 17-29,L +6.5,U 47,,L,+6.5,L,17,29,Super Bowl XLI,,,,,-12,-5.5
0,1,Sun,"Sep 11, 2005",1:06,@,Washington Redskins,L 7-9,W +6,U 33,,W,+6,L,7,9,,,,,,-2,4.0
1,2,Sun,"Sep 18, 2005",1:02,,Detroit Lions,W 38-6,W +2.5,O 34,,W,+2.5,W,38,6,,,,,,32,34.5
2,3,Sun,"Sep 25, 2005",1:02,,Cincinnati Bengals,L 7-24,L +3,U 39,,L,+3,L,7,24,,,,,,-17,-14.0
3,5,Sun,"Oct 9, 2005",1:02,@,Cleveland Browns,L 10-20,L +3,U 35,,L,+3,L,10,20,,,,,,-10,-7.0
4,6,Sun,"Oct 16, 2005",1:02,,Minnesota Vikings,W 28-3,W -2,U 37.5,,W,-2,W,28,3,,,,,,25,23.0
5,7,Sun,"Oct 23, 2005",4:15,,Baltimore Ravens,W 10-6,W -1,U 32,,W,-1,W,10,6,,,,,,4,3.0
6,8,Sun,"Oct 30, 2005",1:04,@,Detroit Lions,W 19-13 (OT),W +3,U 32.5,,W,+3,W,19,13,,,,,,6,9.0
7,9,Sun,"Nov 6, 2005",4:04,@,New Orleans Saints,W 20-17,W -2.5,O 34.5,at Baton Rouge,W,-2.5,W,20,17,,,,,,3,0.5
8,10,Sun,"Nov 13, 2005",1:02,,San Francisco 49ers,W 17-9,L -12,U 33,,L,-12,W,17,9,,,,,,8,-4.0
9,11,Sun,"Nov 20, 2005",1:02,,Carolina Panthers,W 13-3,W +3,U 34.5,,W,+3,W,13,3,,,,,,10,13.0
10,12,Sun,"Nov 27, 2005",1:02,@,Tampa Bay Buccaneers,W 13-10,W +3,U 33,,W,+3,W,13,10,,,,,,3,6.0
11,13,Sun,"Dec 4, 2005",1:05,,Green Bay Packers,W 19-7,W -7,U 32,,W,-7,W,19,7,,,,,,12,5.0
12,14,Sun,"Dec 11, 2005",1:02,@,Pittsburgh Steelers,L 9-21,L +4,U 32,,L,+4,L,9,21,,,,,,-12,-8.0
13,15,Sun,"Dec 18, 2005",8:37,,Atlanta Falcons,W 16-3,W -3,U 30.5,,W,-3,W,16,3,,,,,,13,10.0
14,16,Sun,"Dec 25, 2005",5:11,@,Green Bay Packers,W 24-17,P -7,O 31,,P,-7,W,24,17,,,,,,7,0.0
15,17,Sun,"Jan 1, 2006",4:15,@,Minnesota Vikings,L 10-34,L +3,O 35,,L,+3,L,10,34,,,,,,-24,-21.0
0,,Sun,"Jan 15, 2006",4:41,,Carolina Panthers,L 21-29,L -3,O 31,,L,-3,L,21,29,NFC Divisional,,,,,-8,-11.0
0,1,Sun,"Sep 12, 2004",1:05,,Detroit Lions,L 16-20,L -1.5,U 38.5,,L,-1.5,L,16,20,,,,,,-4,-5.5
1,2,Sun,"Sep 19, 2004",1:02,@,Green Bay Packers,W 21-10,W +9,U 41,,W,+9,W,21,10,,,,,,11,20.0
2,3,Sun,"Sep 26, 2004",1:00,@,Minnesota Vikings,L 22-27,W +12,O 45,,W,+12,L,22,27,,,,,,-5,7.0
3,4,Sun,"Oct 3, 2004",1:05,,Philadelphia Eagles,L 9-19,L +8.5,U 40.5,,L,+8.5,L,9,19,,,,,,-10,-1.5
4,6,Sun,"Oct 17, 2004",1:02,,Washington Redskins,L 10-13,L -1.5,U 33.5,,L,-1.5,L,10,13,,,,,,-3,-4.5
5,7,Sun,"Oct 24, 2004",1:02,@,Tampa Bay Buccaneers,L 7-19,L +7,U 32,,L,+7,L,7,19,,,,,,-12,-5.0
6,8,Sun,"Oct 31, 2004",8:36,,San Francisco 49ers,W 23-13,W -2,O 35.5,,W,-2,W,23,13,,,,,,10,8.0
7,9,Sun,"Nov 7, 2004",4:05,@,New York Giants,W 28-21,W +9,O 34.5,,W,+9,W,28,21,,,,,,7,16.0
8,10,Sun,"Nov 14, 2004",1:02,@,Tennessee Titans,W 19-17 (OT),W +5.5,O 34,,W,+5.5,W,19,17,,,,,,2,7.5
9,11,Sun,"Nov 21, 2004",1:02,,Indianapolis Colts,L 10-41,L +8,O 44.5,,L,+8,L,10,41,,,,,,-31,-23.0
10,12,Thu,"Nov 25, 2004",4:36,@,Dallas Cowboys,L 7-21,L +3.5,U 36,,L,+3.5,L,7,21,,,,,,-14,-10.5
11,13,Sun,"Dec 5, 2004",1:02,,Minnesota Vikings,W 24-14,W +7,U 40.5,,W,+7,W,24,14,,,,,,10,17.0
12,14,Sun,"Dec 12, 2004",1:02,@,Jacksonville Jaguars,L 3-22,L +7,U 34,,L,+7,L,3,22,,,,,,-19,-12.0
13,15,Sun,"Dec 19, 2004",1:02,,Houston Texans,L 5-24,L -1,U 34,,L,-1,L,5,24,,,,,,-19,-20.0
14,16,Sun,"Dec 26, 2004",1:02,@,Detroit Lions,L 13-19,P +6,U 37,,P,+6,L,13,19,,,,,,-6,0.0
15,17,Sun,"Jan 2, 2005",1:02,,Green Bay Packers,L 14-31,L -3,O 34,,L,-3,L,14,31,,,,,,-17,-20.0
0,1,Sun,"Sep 7, 2003",4:19,@,San Francisco 49ers,L 7-49,L +6.5,O 40.5,,L,+6.5,L,7,49,,,,,,-42,-35.5
1,2,Sun,"Sep 14, 2003",8:30,@,Minnesota Vikings,L 13-24,L +9,U 44.5,,L,+9,L,13,24,,,,,,-11,-2.0
2,4,Mon,"Sep 29, 2003",9:09,,Green Bay Packers,L 23-38,L +4,O 41.5,,L,+4,L,23,38,,,,,,-15,-11.0
3,5,Sun,"Oct 5, 2003",1:02,,Oakland Raiders,W 24-21,W +3.5,O 43.5,,W,+3.5,W,24,21,,,,,,3,6.5
4,6,Sun,"Oct 12, 2003",1:02,@,New Orleans Saints,L 13-20,L +6.5,U 43,,L,+6.5,L,13,20,,,,,,-7,-0.5
5,7,Sun,"Oct 19, 2003",4:15,@,Seattle Seahawks,L 17-24,W +11,U 41.5,,W,+11,L,17,24,,,,,,-7,4.0
6,8,Sun,"Oct 26, 2003",1:02,,Detroit Lions,W 24-16,W -3,O 37.5,,W,-3,W,24,16,,,,,,8,5.0
7,9,Sun,"Nov 2, 2003",1:05,,San Diego Chargers,W 20-7,W -1,U 39,,W,-1,W,20,7,,,,,,13,12.0
8,10,Sun,"Nov 9, 2003",1:02,@,Detroit Lions,L 10-12,L PK,U 37.5,,L,0,L,10,12,,,,,,-2,-2.0
9,11,Sun,"Nov 16, 2003",1:02,,St Louis Rams,L 21-23,W +6,O 41,,W,+6,L,21,23,,,,,,-2,4.0
10,12,Sun,"Nov 23, 2003",4:04,@,Denver Broncos,W 19-10,W +10.5,U 38.5,,W,+10.5,W,19,10,,,,,,9,19.5
11,13,Sun,"Nov 30, 2003",1:02,,Arizona Cardinals,W 28-3,W -4.5,U 36,,W,-4.5,W,28,3,,,,,,25,20.5
12,14,Sun,"Dec 7, 2003",1:02,@,Green Bay Packers,L 21-34,L +7.5,O 39,,L,+7.5,L,21,34,,,,,,-13,-5.5
13,15,Sun,"Dec 14, 2003",1:02,,Minnesota Vikings,W 13-10,W +3,U 39.5,,W,+3,W,13,10,,,,,,3,6.0
14,16,Sun,"Dec 21, 2003",1:02,,Washington Redskins,W 27-24,L -4,O 35,,L,-4,W,27,24,,,,,,3,-1.0
15,17,Sun,"Dec 28, 2003",1:00,@,Kansas City Chiefs,L 3-31,L +7.5,U 43.5,,L,+7.5,L,3,31,,,,,,-28,-20.5
0,1,Sun,"Sep 8, 2002",1:04,,Minnesota Vikings,W 27-23,L -4.5,O 41,,L,-4.5,W,27,23,,,,,,4,-0.5
1,2,Sun,"Sep 15, 2002",1:04,@,Atlanta Falcons,W 14-13,W +2.5,U 45,,W,+2.5,W,14,13,,,,,,1,3.5
2,3,Sun,"Sep 22, 2002",1:05,,New Orleans Saints,L 23-29,L +2,O 40.5,,L,+2,L,23,29,,,,,,-6,-4.0
3,4,Sun,"Sep 29, 2002",1:04,@,Buffalo Bills,L 27-33 (OT),L +3,O 46.5,,L,+3,L,27,33,,,,,,-6,-3.0
4,5,Mon,"Oct 7, 2002",9:08,,Green Bay Packers,L 21-34,L -1,O 44,,L,-1,L,21,34,,,,,,-13,-14.0
5,7,Sun,"Oct 20, 2002",1:02,@,Detroit Lions,L 20-23 (OT),L -3,U 44.5,,L,-3,L,20,23,,,,,,-3,-6.0
6,8,Sun,"Oct 27, 2002",1:00,@,Minnesota Vikings,L 7-25,L +2,U 46,,L,+2,L,7,25,,,,,,-18,-16.0
7,9,Sun,"Nov 3, 2002",1:05,,Philadelphia Eagles,L 13-19,W +7,U 37.5,,W,+7,L,13,19,,,,,,-6,1.0
8,10,Sun,"Nov 10, 2002",4:15,,New England Patriots,L 30-33,W +5,O 39,,W,+5,L,30,33,,,,,,-3,2.0
9,11,Mon,"Nov 18, 2002",9:07,@,St Louis Rams,L 16-21,W +10.5,U 43.5,,W,+10.5,L,16,21,,,,,,-5,5.5
10,12,Sun,"Nov 24, 2002",1:02,,Detroit Lions,W 20-17 (OT),L -5,U 37.5,,L,-5,W,20,17,,,,,,3,-2.0
11,13,Sun,"Dec 1, 2002",1:02,@,Green Bay Packers,L 20-30,L +9.5,O 37.5,,L,+9.5,L,20,30,,,,,,-10,-0.5
12,14,Mon,"Dec 9, 2002",9:09,@,Miami Dolphins,L 9-27,L +10.5,U 37,,L,+10.5,L,9,27,,,,,,-18,-7.5
13,15,Sun,"Dec 15, 2002",1:05,,New York Jets,W 20-13,W +6.5,U 38,,W,+6.5,W,20,13,,,,,,7,13.5
14,16,Sun,"Dec 22, 2002",1:02,@,Carolina Panthers,L 14-24,L +4,O 36.5,,L,+4,L,14,24,,,,,,-10,-6.0
15,17,Sun,"Dec 29, 2002",8:36,,Tampa Bay Buccaneers,L 0-15,L +7,U 32,,L,+7,L,0,15,,,,,,-15,-8.0
0,1,Sun,"Sep 9, 2001",1:02,@,Baltimore Ravens,L 6-17,L +10.5,U 33.5,,L,+10.5,L,6,17,,,,,,-11,-0.5
1,2,Sun,"Sep 23, 2001",12:12,,Minnesota Vikings,W 17-10,W +3,U 43.5,,W,+3,W,17,10,,,,,,7,10.0
2,4,Sun,"Oct 7, 2001",1:05,@,Atlanta Falcons,W 31-3,W +3.5,U 39.5,,W,+3.5,W,31,3,,,,,,28,31.5
3,5,Sun,"Oct 14, 2001",12:03,,Arizona Cardinals,W 20-13,P -7,U 39.5,,P,-7,W,20,13,,,,,,7,0.0
4,6,Sun,"Oct 21, 2001",1:02,@,Cincinnati Bengals,W 24-0,W +1,U 36,,W,+1,W,24,0,,,,,,24,25.0
5,7,Sun,"Oct 28, 2001",1:02,,San Francisco 49ers,W 37-31 (OT),W -2,O 39,,W,-2,W,37,31,,,,,,6,4.0
6,8,Sun,"Nov 4, 2001",4:15,,Cleveland Browns,W 27-21 (OT),W -4.5,O 34,,W,-4.5,W,27,21,,,,,,6,1.5
7,9,Sun,"Nov 11, 2001",1:02,,Green Bay Packers,L 12-20,L +2.5,U 37.5,,L,+2.5,L,12,20,,,,,,-8,-5.5
8,10,Sun,"Nov 18, 2001",4:15,@,Tampa Bay Buccaneers,W 27-24,W +5,O 35,,W,+5,W,27,24,,,,,,3,8.0
9,11,Sun,"Nov 25, 2001",8:35,@,Minnesota Vikings,W 13-6,W +3,U 45,,W,+3,W,13,6,,,,,,7,10.0
10,12,Sun,"Dec 2, 2001",1:02,,Detroit Lions,W 13-10,L -7,U 38,,L,-7,W,13,10,,,,,,3,-4.0
11,13,Sun,"Dec 9, 2001",1:02,@,Green Bay Packers,L 7-17,L +5.5,U 37.5,,L,+5.5,L,7,17,,,,,,-10,-4.5
12,14,Sun,"Dec 16, 2001",1:02,,Tampa Bay Buccaneers,W 27-3,W -2.5,U 33,,W,-2.5,W,27,3,,,,,,24,21.5
13,15,Sun,"Dec 23, 2001",1:00,@,Washington Redskins,W 20-15,W +1,O 33,,W,+1,W,20,15,,,,,,5,6.0
14,16,Sun,"Dec 30, 2001",1:02,@,Detroit Lions,W 24-0,W -5.5,U 38.5,,W,-5.5,W,24,0,,,,,,24,18.5
15,17,Sun,"Jan 6, 2002",1:02,,Jacksonville Jaguars,W 33-13,W -6,O 33.5,,W,-6,W,33,13,,,,,,20,14.0
0,,Sat,"Jan 19, 2002",4:37,,Philadelphia Eagles,L 19-33,L -3,O 32.5,,L,-3,L,19,33,NFC Divisional,,,,,-14,-17.0
0,1,Sun,"Sep 3, 2000",1:00,@,Minnesota Vikings,L 27-30,W +4.5,O 46.5,,W,+4.5,L,27,30,,,,,,-3,1.5
1,2,Sun,"Sep 10, 2000",1:00,@,Tampa Bay Buccaneers,L 0-41,L +7,O 36.5,,L,+7,L,0,41,,,,,,-41,-34.0
2,3,Sun,"Sep 17, 2000",3:15,,New York Giants,L 7-14,L -2,U 42,,L,-2,L,7,14,,,,,,-7,-9.0
3,4,Sun,"Sep 24, 2000",1:02,,Detroit Lions,L 14-21,L -1,U 37.5,,L,-1,L,14,21,,,,,,-7,-8.0
4,5,Sun,"Oct 1, 2000",4:15,@,Green Bay Packers,W 27-24,W +5.5,O 41,,W,+5.5,W,27,24,,,,,,3,8.5
5,6,Sun,"Oct 8, 2000",1:02,,New Orleans Saints,L 10-31,L -5.5,O 40,,L,-5.5,L,10,31,,,,,,-21,-26.5
6,7,Sun,"Oct 15, 2000",8:35,,Minnesota Vikings,L 16-28,L +6,P 44,,L,+6,L,16,28,,,,,,-12,-6.0
7,8,Sun,"Oct 22, 2000",1:02,@,Philadelphia Eagles,L 9-13,W +6.5,U 41,,W,+6.5,L,9,13,,,,,,-4,2.5
8,10,Sun,"Nov 5, 2000",1:02,,Indianapolis Colts,W 27-24,W +7,O 45,,W,+7,W,27,24,,,,,,3,10.0
9,11,Sun,"Nov 12, 2000",1:02,@,Buffalo Bills,L 3-20,L +7,U 39.5,,L,+7,L,3,20,,,,,,-17,-10.0
10,12,Sun,"Nov 19, 2000",1:04,,Tampa Bay Buccaneers,W 13-10,W +8,U 36,,W,+8,W,13,10,,,,,,3,11.0
11,13,Sun,"Nov 26, 2000",1:02,@,New York Jets,L 10-17,P +7,U 39.5,,P,+7,L,10,17,,,,,,-7,0.0
12,14,Sun,"Dec 3, 2000",8:35,,Green Bay Packers,L 6-28,L +2.5,U 39,,L,+2.5,L,6,28,,,,,,-22,-19.5
13,15,Sun,"Dec 10, 2000",1:02,,New England Patriots,W 24-17,W -2,O 36.5,,W,-2,W,24,17,,,,,,7,5.0
14,16,Sun,"Dec 17, 2000",4:00,@,San Francisco 49ers,L 0-17,L +6,U 45.5,,L,+6,L,0,17,,,,,,-17,-11.0
15,17,Sun,"Dec 24, 2000",1:02,@,Detroit Lions,W 23-20,W +10,O 37,,W,+10,W,23,20,,,,,,3,13.0
